forecast_date,target_date,ticker,p10,p50,p90,actual,model_used,direction,signal_strength,conviction_score,error_abs,error_pct,hit,direction_correct,graded_at,notes,poly_adjusted_p50,poly_adjusted_p10,poly_adjusted_p90,poly_signal,poly_confidence,poly_alignment,poly_adjustment_pct,poly_top_question
2026-05-03,2026-05-04,NG=F,2.7681,2.7859,2.8037,2.867,TimeCopilot_MedianEnsemble,BULLISH,0.4056,0.7444,0.0811,2.9111,0.0,1.0,2026-05-05T06:45:36.115834,,,,,nan,nan,nan,,
2026-05-03,2026-05-05,NG=F,2.778,2.7958,2.8136,,TimeCopilot_MedianEnsemble,BULLISH,0.4056,0.7444,,,,,,,2.7958,2.778,2.8136,NO_SIGNAL,NO_DATA,POLY_NEUTRAL,0.0,
2026-05-03,2026-05-06,NG=F,2.7777,2.8013,2.8249,,TimeCopilot_MedianEnsemble,BULLISH,0.4056,0.7444,,,,,,,2.8013,2.7777,2.8249,NO_SIGNAL,NO_DATA,POLY_NEUTRAL,0.0,
2026-05-03,2026-05-07,NG=F,2.7756,2.7957,2.8157,,TimeCopilot_MedianEnsemble,BULLISH,0.4056,0.7444,,,,,,,2.7957,2.7756,2.8157,NO_SIGNAL,NO_DATA,POLY_NEUTRAL,0.0,
2026-05-03,2026-05-08,NG=F,2.7726,2.7972,2.8219,,TimeCopilot_MedianEnsemble,BULLISH,0.4056,0.7444,,,,,,,2.7972,2.7726,2.8219,NO_SIGNAL,NO_DATA,POLY_NEUTRAL,0.0,
2026-05-03,2026-05-11,NG=F,2.7674,2.7852,2.803,,TimeCopilot_MedianEnsemble,BULLISH,0.4056,0.7444,,,,,,,2.7852,2.7674,2.803,NO_SIGNAL,NO_DATA,POLY_NEUTRAL,0.0,
2026-05-03,2026-05-12,NG=F,2.7663,2.7841,2.8019,,TimeCopilot_MedianEnsemble,BULLISH,0.4056,0.7444,,,,,,,2.7841,2.7663,2.8019,NO_SIGNAL,NO_DATA,POLY_NEUTRAL,0.0,
2026-05-03,2026-05-13,NG=F,2.7677,2.7854,2.8032,,TimeCopilot_MedianEnsemble,BULLISH,0.4056,0.7444,,,,,,,2.7854,2.7677,2.8032,NO_SIGNAL,NO_DATA,POLY_NEUTRAL,0.0,
2026-05-03,2026-05-14,NG=F,2.7571,2.8049,2.8526,,TimeCopilot_MedianEnsemble,BULLISH,0.4056,0.7444,,,,,,,2.8049,2.7571,2.8526,NO_SIGNAL,NO_DATA,POLY_NEUTRAL,0.0,
2026-05-03,2026-05-15,NG=F,2.7443,2.8149,2.8855,,TimeCopilot_MedianEnsemble,BULLISH,0.4056,0.7444,,,,,,,2.8149,2.7443,2.8855,NO_SIGNAL,NO_DATA,POLY_NEUTRAL,0.0,
2026-05-03,2026-05-04,GC=F,4638.480184,4662.260024,4686.039864,4519.5,TimeCopilot_MedianEnsemble,NEUTRAL,0.0237,0.796,142.760024,3.062,0.0,0.0,2026-05-05T06:45:36.001369,,,,,nan,nan,nan,,
2026-05-03,2026-05-05,GC=F,4625.659528,4649.439368,4673.219208,,TimeCopilot_MedianEnsemble,NEUTRAL,0.0237,0.796,,,,,,,4649.439368,4625.659528,4673.219208,NO_SIGNAL,NO_DATA,POLY_NEUTRAL,0.0,
2026-05-03,2026-05-06,GC=F,4630.301492,4654.081332,4677.861172,,TimeCopilot_MedianEnsemble,NEUTRAL,0.0237,0.796,,,,,,,4654.081332,4630.301492,4677.861172,NO_SIGNAL,NO_DATA,POLY_NEUTRAL,0.0,
2026-05-03,2026-05-07,GC=F,4634.943456,4658.723296,4682.503136,,TimeCopilot_MedianEnsemble,NEUTRAL,0.0237,0.796,,,,,,,4658.723296,4634.943456,4682.503136,NO_SIGNAL,NO_DATA,POLY_NEUTRAL,0.0,
2026-05-03,2026-05-08,GC=F,4636.367498,4663.36526,4690.363022,,TimeCopilot_MedianEnsemble,NEUTRAL,0.0237,0.796,,,,,,,4663.36526,4636.367498,4690.363022,NO_SIGNAL,NO_DATA,POLY_NEUTRAL,0.0,
2026-05-03,2026-05-11,GC=F,4627.857698,4673.816682,4719.775666,,TimeCopilot_MedianEnsemble,NEUTRAL,0.0237,0.796,,,,,,,4673.816682,4627.857698,4719.775666,NO_SIGNAL,NO_DATA,POLY_NEUTRAL,0.0,
2026-05-03,2026-05-12,GC=F,4624.984708,4672.649187,4720.313667,,TimeCopilot_MedianEnsemble,NEUTRAL,0.0237,0.796,,,,,,,4672.649187,4624.984708,4720.313667,NO_SIGNAL,NO_DATA,POLY_NEUTRAL,0.0,
2026-05-03,2026-05-13,GC=F,4617.932827,4677.291151,4736.649476,,TimeCopilot_MedianEnsemble,NEUTRAL,0.0237,0.796,,,,,,,4677.291151,4617.932827,4736.649476,NO_SIGNAL,NO_DATA,POLY_NEUTRAL,0.0,
2026-05-03,2026-05-14,GC=F,4610.061534,4681.933115,4753.804697,,TimeCopilot_MedianEnsemble,NEUTRAL,0.0237,0.796,,,,,,,4681.933115,4610.061534,4753.804697,NO_SIGNAL,NO_DATA,POLY_NEUTRAL,0.0,
2026-05-03,2026-05-15,GC=F,4601.421106,4686.575079,4771.729052,,TimeCopilot_MedianEnsemble,NEUTRAL,0.0237,0.796,,,,,,,4686.575079,4601.421106,4771.729052,NO_SIGNAL,NO_DATA,POLY_NEUTRAL,0.0,
2026-05-03,2026-05-04,SI=F,74.428159,75.209756,75.991352,73.071999,TimeCopilot_MedianEnsemble,BULLISH,0.8526,0.5843,2.137757,2.8424,0.0,0.0,2026-05-05T06:45:36.224004,,,,,nan,nan,nan,,
2026-05-03,2026-05-05,SI=F,72.508583,74.372093,76.235603,,TimeCopilot_MedianEnsemble,BULLISH,0.8526,0.5843,,,,,,,74.372093,72.508583,76.235603,NO_SIGNAL,NO_DATA,POLY_NEUTRAL,0.0,
2026-05-03,2026-05-06,SI=F,70.795422,73.758226,76.721029,,TimeCopilot_MedianEnsemble,BULLISH,0.8526,0.5843,,,,,,,73.758226,70.795422,76.721029,NO_SIGNAL,NO_DATA,POLY_NEUTRAL,0.0,
2026-05-03,2026-05-07,SI=F,72.143216,74.550393,76.95757,,TimeCopilot_MedianEnsemble,BULLISH,0.8526,0.5843,,,,,,,74.550393,72.143216,76.95757,NO_SIGNAL,NO_DATA,POLY_NEUTRAL,0.0,
2026-05-03,2026-05-08,SI=F,75.020933,75.850984,76.681035,,TimeCopilot_MedianEnsemble,BULLISH,0.8526,0.5843,,,,,,,75.850984,75.020933,76.681035,NO_SIGNAL,NO_DATA,POLY_NEUTRAL,0.0,
2026-05-03,2026-05-11,SI=F,73.888303,75.440727,76.993151,,TimeCopilot_MedianEnsemble,BULLISH,0.8526,0.5843,,,,,,,75.440727,73.888303,76.993151,NO_SIGNAL,NO_DATA,POLY_NEUTRAL,0.0,
2026-05-03,2026-05-12,SI=F,70.988539,74.410245,77.83195,,TimeCopilot_MedianEnsemble,BULLISH,0.8526,0.5843,,,,,,,74.410245,70.988539,77.83195,NO_SIGNAL,NO_DATA,POLY_NEUTRAL,0.0,
2026-05-03,2026-05-13,SI=F,68.369564,73.562359,78.755154,,TimeCopilot_MedianEnsemble,BULLISH,0.8526,0.5843,,,,,,,73.562359,68.369564,78.755154,NO_SIGNAL,NO_DATA,POLY_NEUTRAL,0.0,
2026-05-03,2026-05-14,SI=F,71.313348,74.678379,78.04341,,TimeCopilot_MedianEnsemble,BULLISH,0.8526,0.5843,,,,,,,74.678379,71.313348,78.04341,NO_SIGNAL,NO_DATA,POLY_NEUTRAL,0.0,
2026-05-03,2026-05-15,SI=F,74.843172,75.9059,76.968627,,TimeCopilot_MedianEnsemble,BULLISH,0.8526,0.5843,,,,,,,75.9059,74.843172,76.968627,NO_SIGNAL,NO_DATA,POLY_NEUTRAL,0.0,
2026-05-03,2026-05-04,CL=F,99.891844,100.691125,101.490407,106.419998,TimeCopilot_MedianEnsemble,BULLISH,1.2405,0.6825,5.728873,5.6896,0.0,1.0,2026-05-05T06:45:35.660689,,,,,nan,nan,nan,,
2026-05-03,2026-05-05,CL=F,100.025676,100.935158,101.844639,,TimeCopilot_MedianEnsemble,BULLISH,1.2405,0.6825,,,,,,,100.935158,100.025676,101.844639,NO_SIGNAL,NO_DATA,POLY_NEUTRAL,0.0,
2026-05-03,2026-05-06,CL=F,101.810868,103.130042,104.449215,,TimeCopilot_MedianEnsemble,BULLISH,1.2405,0.6825,,,,,,,103.130042,101.810868,104.449215,NO_SIGNAL,NO_DATA,POLY_NEUTRAL,0.0,
2026-05-03,2026-05-07,CL=F,101.781167,102.50727,103.233373,,TimeCopilot_MedianEnsemble,BULLISH,1.2405,0.6825,,,,,,,102.50727,101.781167,103.233373,NO_SIGNAL,NO_DATA,POLY_NEUTRAL,0.0,
2026-05-03,2026-05-08,CL=F,101.418226,101.940159,102.462092,,TimeCopilot_MedianEnsemble,BULLISH,1.2405,0.6825,,,,,,,101.940159,101.418226,102.462092,NO_SIGNAL,NO_DATA,POLY_NEUTRAL,0.0,
2026-05-03,2026-05-11,CL=F,94.789434,99.155159,103.520884,,TimeCopilot_MedianEnsemble,BULLISH,1.2405,0.6825,,,,,,,99.155159,94.789434,103.520884,NO_SIGNAL,NO_DATA,POLY_NEUTRAL,0.0,
2026-05-03,2026-05-12,CL=F,99.233674,100.935158,102.636642,,TimeCopilot_MedianEnsemble,BULLISH,1.2405,0.6825,,,,,,,100.935158,99.233674,102.636642,NO_SIGNAL,NO_DATA,POLY_NEUTRAL,0.0,
2026-05-03,2026-05-13,CL=F,101.345277,102.674056,104.002834,,TimeCopilot_MedianEnsemble,BULLISH,1.2405,0.6825,,,,,,,102.674056,101.345277,104.002834,NO_SIGNAL,NO_DATA,POLY_NEUTRAL,0.0,
2026-05-03,2026-05-14,CL=F,101.268459,102.669941,104.071424,,TimeCopilot_MedianEnsemble,BULLISH,1.2405,0.6825,,,,,,,102.669941,101.268459,104.071424,NO_SIGNAL,NO_DATA,POLY_NEUTRAL,0.0,
2026-05-03,2026-05-15,CL=F,101.418226,101.940159,102.462092,,TimeCopilot_MedianEnsemble,BULLISH,1.2405,0.6825,,,,,,,101.940159,101.418226,102.462092,NO_SIGNAL,NO_DATA,POLY_NEUTRAL,0.0,
2026-05-03,2026-05-04,EURUSD=X,1.165452,1.171454,1.177457,1.172663,TimeCopilot_MedianEnsemble,NEUTRAL,0.075,0.795,0.001209,0.1032,1.0,0.0,2026-05-05T06:45:35.799086,,,,,nan,nan,nan,,
2026-05-03,2026-05-05,EURUSD=X,1.166296,1.172298,1.178301,,TimeCopilot_MedianEnsemble,NEUTRAL,0.075,0.795,,,,,,,1.172298,1.166296,1.178301,NO_SIGNAL,NO_DATA,POLY_NEUTRAL,0.0,
2026-05-03,2026-05-06,EURUSD=X,1.166296,1.172298,1.178301,,TimeCopilot_MedianEnsemble,NEUTRAL,0.075,0.795,,,,,,,1.172298,1.166296,1.178301,NO_SIGNAL,NO_DATA,POLY_NEUTRAL,0.0,
2026-05-03,2026-05-07,EURUSD=X,1.166296,1.172298,1.178301,,TimeCopilot_MedianEnsemble,NEUTRAL,0.075,0.795,,,,,,,1.172298,1.166296,1.178301,NO_SIGNAL,NO_DATA,POLY_NEUTRAL,0.0,
2026-05-03,2026-05-08,EURUSD=X,1.166331,1.172333,1.178335,,TimeCopilot_MedianEnsemble,NEUTRAL,0.075,0.795,,,,,,,1.172333,1.166331,1.178335,NO_SIGNAL,NO_DATA,POLY_NEUTRAL,0.0,
2026-05-03,2026-05-11,EURUSD=X,1.165452,1.171454,1.177457,,TimeCopilot_MedianEnsemble,NEUTRAL,0.075,0.795,,,,,,,1.171454,1.165452,1.177457,NO_SIGNAL,NO_DATA,POLY_NEUTRAL,0.0,
2026-05-03,2026-05-12,EURUSD=X,1.166296,1.172298,1.178301,,TimeCopilot_MedianEnsemble,NEUTRAL,0.075,0.795,,,,,,,1.172298,1.166296,1.178301,NO_SIGNAL,NO_DATA,POLY_NEUTRAL,0.0,
2026-05-03,2026-05-13,EURUSD=X,1.166021,1.172023,1.178026,,TimeCopilot_MedianEnsemble,NEUTRAL,0.075,0.795,,,,,,,1.172023,1.166021,1.178026,NO_SIGNAL,NO_DATA,POLY_NEUTRAL,0.0,
2026-05-03,2026-05-14,EURUSD=X,1.164364,1.170367,1.176369,,TimeCopilot_MedianEnsemble,NEUTRAL,0.075,0.795,,,,,,,1.170367,1.164364,1.176369,NO_SIGNAL,NO_DATA,POLY_NEUTRAL,0.0,
2026-05-03,2026-05-15,EURUSD=X,1.166296,1.172298,1.178301,,TimeCopilot_MedianEnsemble,NEUTRAL,0.075,0.795,,,,,,,1.172298,1.166296,1.178301,NO_SIGNAL,NO_DATA,POLY_NEUTRAL,0.0,
2026-05-03,2026-05-04,GBPUSD=X,1.353084,1.360049,1.367013,1.358142,TimeCopilot_MedianEnsemble,NEUTRAL,0.0,0.7952,0.001907,0.1402,1.0,0.0,2026-05-05T06:45:35.903843,,,,,nan,nan,nan,,
2026-05-03,2026-05-05,GBPUSD=X,1.353061,1.360026,1.36699,,TimeCopilot_MedianEnsemble,NEUTRAL,0.0,0.7952,,,,,,,1.360026,1.353061,1.36699,NO_SIGNAL,NO_DATA,POLY_NEUTRAL,0.0,
2026-05-03,2026-05-06,GBPUSD=X,1.35236,1.359325,1.366289,,TimeCopilot_MedianEnsemble,NEUTRAL,0.0,0.7952,,,,,,,1.359325,1.35236,1.366289,NO_SIGNAL,NO_DATA,POLY_NEUTRAL,0.0,
2026-05-03,2026-05-07,GBPUSD=X,1.352683,1.359647,1.366612,,TimeCopilot_MedianEnsemble,NEUTRAL,0.0,0.7952,,,,,,,1.359647,1.352683,1.366612,NO_SIGNAL,NO_DATA,POLY_NEUTRAL,0.0,
2026-05-03,2026-05-08,GBPUSD=X,1.353084,1.360049,1.367013,,TimeCopilot_MedianEnsemble,NEUTRAL,0.0,0.7952,,,,,,,1.360049,1.353084,1.367013,NO_SIGNAL,NO_DATA,POLY_NEUTRAL,0.0,
2026-05-03,2026-05-11,GBPUSD=X,1.348465,1.35567,1.362876,,TimeCopilot_MedianEnsemble,NEUTRAL,0.0,0.7952,,,,,,,1.35567,1.348465,1.362876,NO_SIGNAL,NO_DATA,POLY_NEUTRAL,0.0,
2026-05-03,2026-05-12,GBPUSD=X,1.349861,1.356826,1.36379,,TimeCopilot_MedianEnsemble,NEUTRAL,0.0,0.7952,,,,,,,1.356826,1.349861,1.36379,NO_SIGNAL,NO_DATA,POLY_NEUTRAL,0.0,
2026-05-03,2026-05-13,GBPUSD=X,1.348667,1.356139,1.363611,,TimeCopilot_MedianEnsemble,NEUTRAL,0.0,0.7952,,,,,,,1.356139,1.348667,1.363611,NO_SIGNAL,NO_DATA,POLY_NEUTRAL,0.0,
2026-05-03,2026-05-14,GBPUSD=X,1.347449,1.355877,1.364305,,TimeCopilot_MedianEnsemble,NEUTRAL,0.0,0.7952,,,,,,,1.355877,1.347449,1.364305,NO_SIGNAL,NO_DATA,POLY_NEUTRAL,0.0,
2026-05-03,2026-05-15,GBPUSD=X,1.353084,1.360049,1.367013,,TimeCopilot_MedianEnsemble,NEUTRAL,0.0,0.7952,,,,,,,1.360049,1.353084,1.367013,NO_SIGNAL,NO_DATA,POLY_NEUTRAL,0.0,
2026-05-03,2026-05-04,USDJPY=X,156.991043,157.795052,158.599061,156.845993,TimeCopilot_MedianEnsemble,BEARISH,0.4829,0.7962,0.949059,0.6015,0.0,1.0,2026-05-05T06:45:36.411896,,,,,nan,nan,nan,,
2026-05-03,2026-05-05,USDJPY=X,156.792533,157.596541,158.40055,,TimeCopilot_MedianEnsemble,BEARISH,0.4829,0.7962,,,,,,,157.596541,156.792533,158.40055,NO_SIGNAL,NO_DATA,POLY_NEUTRAL,0.0,
2026-05-03,2026-05-06,USDJPY=X,156.886675,157.690684,158.494693,,TimeCopilot_MedianEnsemble,BEARISH,0.4829,0.7962,,,,,,,157.690684,156.886675,158.494693,NO_SIGNAL,NO_DATA,POLY_NEUTRAL,0.0,
2026-05-03,2026-05-07,USDJPY=X,156.29982,157.103829,157.907838,,TimeCopilot_MedianEnsemble,BEARISH,0.4829,0.7962,,,,,,,157.103829,156.29982,157.907838,NO_SIGNAL,NO_DATA,POLY_NEUTRAL,0.0,
2026-05-03,2026-05-08,USDJPY=X,156.228996,157.033005,157.837014,,TimeCopilot_MedianEnsemble,BEARISH,0.4829,0.7962,,,,,,,157.033005,156.228996,157.837014,NO_SIGNAL,NO_DATA,POLY_NEUTRAL,0.0,
2026-05-03,2026-05-11,USDJPY=X,156.29982,157.103829,157.907838,,TimeCopilot_MedianEnsemble,BEARISH,0.4829,0.7962,,,,,,,157.103829,156.29982,157.907838,NO_SIGNAL,NO_DATA,POLY_NEUTRAL,0.0,
2026-05-03,2026-05-12,USDJPY=X,156.29982,157.103829,157.907838,,TimeCopilot_MedianEnsemble,BEARISH,0.4829,0.7962,,,,,,,157.103829,156.29982,157.907838,NO_SIGNAL,NO_DATA,POLY_NEUTRAL,0.0,
2026-05-03,2026-05-13,USDJPY=X,156.29982,157.103829,157.907838,,TimeCopilot_MedianEnsemble,BEARISH,0.4829,0.7962,,,,,,,157.103829,156.29982,157.907838,NO_SIGNAL,NO_DATA,POLY_NEUTRAL,0.0,
2026-05-03,2026-05-14,USDJPY=X,156.29982,157.103829,157.907838,,TimeCopilot_MedianEnsemble,BEARISH,0.4829,0.7962,,,,,,,157.103829,156.29982,157.907838,NO_SIGNAL,NO_DATA,POLY_NEUTRAL,0.0,
2026-05-03,2026-05-15,USDJPY=X,156.228996,157.033005,157.837014,,TimeCopilot_MedianEnsemble,BEARISH,0.4829,0.7962,,,,,,,157.033005,156.228996,157.837014,NO_SIGNAL,NO_DATA,POLY_NEUTRAL,0.0,
2026-05-03,2026-05-04,AUDUSD=X,0.713068,0.716755,0.720442,0.721293,TimeCopilot_MedianEnsemble,BULLISH,0.3752,0.7942,0.004538,0.6331,0.0,1.0,2026-05-05T06:45:35.599336,,,,,nan,nan,nan,,
2026-05-03,2026-05-05,AUDUSD=X,0.715582,0.719269,0.722955,,TimeCopilot_MedianEnsemble,BULLISH,0.3752,0.7942,,,,,,,0.719269,0.715582,0.722955,NO_SIGNAL,NO_DATA,POLY_NEUTRAL,0.0,
2026-05-03,2026-05-06,AUDUSD=X,0.715346,0.719033,0.722719,,TimeCopilot_MedianEnsemble,BULLISH,0.3752,0.7942,,,,,,,0.719033,0.715346,0.722719,NO_SIGNAL,NO_DATA,POLY_NEUTRAL,0.0,
2026-05-03,2026-05-07,AUDUSD=X,0.711418,0.716281,0.721144,,TimeCopilot_MedianEnsemble,BULLISH,0.3752,0.7942,,,,,,,0.716281,0.711418,0.721144,NO_SIGNAL,NO_DATA,POLY_NEUTRAL,0.0,
2026-05-03,2026-05-08,AUDUSD=X,0.715757,0.719444,0.723131,,TimeCopilot_MedianEnsemble,BULLISH,0.3752,0.7942,,,,,,,0.719444,0.715757,0.723131,NO_SIGNAL,NO_DATA,POLY_NEUTRAL,0.0,
2026-05-03,2026-05-11,AUDUSD=X,0.711912,0.716899,0.721886,,TimeCopilot_MedianEnsemble,BULLISH,0.3752,0.7942,,,,,,,0.716899,0.711912,0.721886,NO_SIGNAL,NO_DATA,POLY_NEUTRAL,0.0,
2026-05-03,2026-05-12,AUDUSD=X,0.715582,0.719269,0.722955,,TimeCopilot_MedianEnsemble,BULLISH,0.3752,0.7942,,,,,,,0.719269,0.715582,0.722955,NO_SIGNAL,NO_DATA,POLY_NEUTRAL,0.0,
2026-05-03,2026-05-13,AUDUSD=X,0.715397,0.719084,0.722771,,TimeCopilot_MedianEnsemble,BULLISH,0.3752,0.7942,,,,,,,0.719084,0.715397,0.722771,NO_SIGNAL,NO_DATA,POLY_NEUTRAL,0.0,
2026-05-03,2026-05-14,AUDUSD=X,0.708987,0.716281,0.723575,,TimeCopilot_MedianEnsemble,BULLISH,0.3752,0.7942,,,,,,,0.716281,0.708987,0.723575,NO_SIGNAL,NO_DATA,POLY_NEUTRAL,0.0,
2026-05-03,2026-05-15,AUDUSD=X,0.71582,0.719507,0.723194,,TimeCopilot_MedianEnsemble,BULLISH,0.3752,0.7942,,,,,,,0.719507,0.71582,0.723194,NO_SIGNAL,NO_DATA,POLY_NEUTRAL,0.0,
2026-05-03,2026-05-04,USDCHF=X,0.777489,0.78149,0.785492,0.78113,TimeCopilot_MedianEnsemble,NEUTRAL,0.0,0.7952,0.00036,0.0461,1.0,0.0,2026-05-05T06:45:36.333734,,,,,nan,nan,nan,,
2026-05-03,2026-05-05,USDCHF=X,0.777489,0.78149,0.785492,,TimeCopilot_MedianEnsemble,NEUTRAL,0.0,0.7952,,,,,,,0.78149,0.777489,0.785492,NO_SIGNAL,NO_DATA,POLY_NEUTRAL,0.0,
2026-05-03,2026-05-06,USDCHF=X,0.777489,0.78149,0.785492,,TimeCopilot_MedianEnsemble,NEUTRAL,0.0,0.7952,,,,,,,0.78149,0.777489,0.785492,NO_SIGNAL,NO_DATA,POLY_NEUTRAL,0.0,
2026-05-03,2026-05-07,USDCHF=X,0.777489,0.78149,0.785492,,TimeCopilot_MedianEnsemble,NEUTRAL,0.0,0.7952,,,,,,,0.78149,0.777489,0.785492,NO_SIGNAL,NO_DATA,POLY_NEUTRAL,0.0,
2026-05-03,2026-05-08,USDCHF=X,0.777489,0.78149,0.785491,,TimeCopilot_MedianEnsemble,NEUTRAL,0.0,0.7952,,,,,,,0.78149,0.777489,0.785491,NO_SIGNAL,NO_DATA,POLY_NEUTRAL,0.0,
2026-05-03,2026-05-11,USDCHF=X,0.777489,0.78149,0.785492,,TimeCopilot_MedianEnsemble,NEUTRAL,0.0,0.7952,,,,,,,0.78149,0.777489,0.785492,NO_SIGNAL,NO_DATA,POLY_NEUTRAL,0.0,
2026-05-03,2026-05-12,USDCHF=X,0.777489,0.78149,0.785492,,TimeCopilot_MedianEnsemble,NEUTRAL,0.0,0.7952,,,,,,,0.78149,0.777489,0.785492,NO_SIGNAL,NO_DATA,POLY_NEUTRAL,0.0,
2026-05-03,2026-05-13,USDCHF=X,0.777489,0.78149,0.785492,,TimeCopilot_MedianEnsemble,NEUTRAL,0.0,0.7952,,,,,,,0.78149,0.777489,0.785492,NO_SIGNAL,NO_DATA,POLY_NEUTRAL,0.0,
2026-05-03,2026-05-14,USDCHF=X,0.777489,0.78149,0.785492,,TimeCopilot_MedianEnsemble,NEUTRAL,0.0,0.7952,,,,,,,0.78149,0.777489,0.785492,NO_SIGNAL,NO_DATA,POLY_NEUTRAL,0.0,
2026-05-03,2026-05-15,USDCHF=X,0.777489,0.78149,0.785491,,TimeCopilot_MedianEnsemble,NEUTRAL,0.0,0.7952,,,,,,,0.78149,0.777489,0.785491,NO_SIGNAL,NO_DATA,POLY_NEUTRAL,0.0,
2026-05-03,2026-05-04,HG=F,5.835227,5.978529,6.12183,5.795,TimeCopilot_MedianEnsemble,NEUTRAL,0.0942,0.0422,0.183529,3.0698,0.0,0.0,2026-05-05T06:45:36.063271,,,,,nan,nan,nan,,
2026-05-03,2026-05-05,HG=F,5.785925,5.978897,6.17187,,TimeCopilot_MedianEnsemble,NEUTRAL,0.0942,0.0,,,,,,,5.978897,5.785925,6.17187,NO_SIGNAL,NO_DATA,POLY_NEUTRAL,0.0,
2026-05-03,2026-05-06,HG=F,5.746136,5.978856,6.211576,,TimeCopilot_MedianEnsemble,NEUTRAL,0.0942,0.0,,,,,,,5.978856,5.746136,6.211576,NO_SIGNAL,NO_DATA,POLY_NEUTRAL,0.0,
2026-05-03,2026-05-07,HG=F,5.712295,5.978861,6.245427,,TimeCopilot_MedianEnsemble,NEUTRAL,0.0942,0.0,,,,,,,5.978861,5.712295,6.245427,NO_SIGNAL,NO_DATA,POLY_NEUTRAL,0.0,
2026-05-03,2026-05-08,HG=F,5.682276,5.97886,6.275444,,TimeCopilot_MedianEnsemble,NEUTRAL,0.0942,0.0,,,,,,,5.97886,5.682276,6.275444,NO_SIGNAL,NO_DATA,POLY_NEUTRAL,0.0,
2026-05-03,2026-05-11,HG=F,5.655024,5.97886,6.302696,,TimeCopilot_MedianEnsemble,NEUTRAL,0.0942,0.0,,,,,,,5.97886,5.655024,6.302696,NO_SIGNAL,NO_DATA,POLY_NEUTRAL,0.0,
2026-05-03,2026-05-12,HG=F,5.62989,5.97886,6.327831,,TimeCopilot_MedianEnsemble,NEUTRAL,0.0942,0.0,,,,,,,5.97886,5.62989,6.327831,NO_SIGNAL,NO_DATA,POLY_NEUTRAL,0.0,
2026-05-03,2026-05-13,HG=F,5.606443,5.97886,6.351277,,TimeCopilot_MedianEnsemble,NEUTRAL,0.0942,0.0,,,,,,,5.97886,5.606443,6.351277,NO_SIGNAL,NO_DATA,POLY_NEUTRAL,0.0,
2026-05-03,2026-05-14,HG=F,5.584384,5.97886,6.373336,,TimeCopilot_MedianEnsemble,NEUTRAL,0.0942,0.0,,,,,,,5.97886,5.584384,6.373336,NO_SIGNAL,NO_DATA,POLY_NEUTRAL,0.0,
2026-05-03,2026-05-15,HG=F,5.563491,5.97886,6.394229,,TimeCopilot_MedianEnsemble,NEUTRAL,0.0942,0.0,,,,,,,5.97886,5.563491,6.394229,NO_SIGNAL,NO_DATA,POLY_NEUTRAL,0.0,
2026-05-03,2026-05-04,DX-Y.NYB,97.671473,98.209993,98.748512,98.470001,TimeCopilot_MedianEnsemble,NEUTRAL,0.0,0.7807,0.260008,0.2647,1.0,0.0,2026-05-05T06:45:35.738728,,,,,nan,nan,nan,,
2026-05-03,2026-05-05,DX-Y.NYB,97.448428,98.209993,98.971557,,TimeCopilot_MedianEnsemble,NEUTRAL,0.0,0.6898,,,,,,,98.209993,97.448428,98.971557,NO_SIGNAL,NO_DATA,POLY_NEUTRAL,0.0,
2026-05-03,2026-05-06,DX-Y.NYB,97.277276,98.209993,99.142709,,TimeCopilot_MedianEnsemble,NEUTRAL,0.0,0.6201,,,,,,,98.209993,97.277276,99.142709,NO_SIGNAL,NO_DATA,POLY_NEUTRAL,0.0,
2026-05-03,2026-05-07,DX-Y.NYB,97.132987,98.209993,99.286998,,TimeCopilot_MedianEnsemble,NEUTRAL,0.0,0.5613,,,,,,,98.209993,97.132987,99.286998,NO_SIGNAL,NO_DATA,POLY_NEUTRAL,0.0,
2026-05-03,2026-05-08,DX-Y.NYB,97.005864,98.209993,99.414121,,TimeCopilot_MedianEnsemble,NEUTRAL,0.0,0.5096,,,,,,,98.209993,97.005864,99.414121,NO_SIGNAL,NO_DATA,POLY_NEUTRAL,0.0,
2026-05-03,2026-05-11,DX-Y.NYB,96.890935,98.209993,99.52905,,TimeCopilot_MedianEnsemble,NEUTRAL,0.0,0.4628,,,,,,,98.209993,96.890935,99.52905,NO_SIGNAL,NO_DATA,POLY_NEUTRAL,0.0,
2026-05-03,2026-05-12,DX-Y.NYB,96.785246,98.209993,99.634739,,TimeCopilot_MedianEnsemble,NEUTRAL,0.0,0.4197,,,,,,,98.209993,96.785246,99.634739,NO_SIGNAL,NO_DATA,POLY_NEUTRAL,0.0,
2026-05-03,2026-05-13,DX-Y.NYB,96.686872,98.209993,99.733113,,TimeCopilot_MedianEnsemble,NEUTRAL,0.0,0.3796,,,,,,,98.209993,96.686872,99.733113,NO_SIGNAL,NO_DATA,POLY_NEUTRAL,0.0,
2026-05-03,2026-05-14,DX-Y.NYB,96.594477,98.209993,99.825508,,TimeCopilot_MedianEnsemble,NEUTRAL,0.0,0.342,,,,,,,98.209993,96.594477,99.825508,NO_SIGNAL,NO_DATA,POLY_NEUTRAL,0.0,
2026-05-03,2026-05-15,DX-Y.NYB,96.507087,98.209993,99.912898,,TimeCopilot_MedianEnsemble,NEUTRAL,0.0,0.3064,,,,,,,98.209993,96.507087,99.912898,NO_SIGNAL,NO_DATA,POLY_NEUTRAL,0.0,
2026-05-03,2026-05-04,^TNX,4.313033,4.378,4.442968,4.446,TimeCopilot_MedianEnsemble,NEUTRAL,0.0,0.4064,0.068,1.5532,0.0,0.0,2026-05-05T06:45:36.553490,,,,,nan,nan,nan,,
2026-05-03,2026-05-05,^TNX,4.286123,4.378,4.469877,,TimeCopilot_MedianEnsemble,NEUTRAL,0.0,0.1606,,,,,,,4.378,4.286123,4.469877,NO_SIGNAL,NO_DATA,POLY_NEUTRAL,0.0,
2026-05-03,2026-05-06,^TNX,4.265474,4.378,4.490527,,TimeCopilot_MedianEnsemble,NEUTRAL,0.0,0.0,,,,,,,4.378,4.265474,4.490527,NO_SIGNAL,NO_DATA,POLY_NEUTRAL,0.0,
2026-05-03,2026-05-07,^TNX,4.248064,4.378,4.507937,,TimeCopilot_MedianEnsemble,NEUTRAL,0.0,0.0,,,,,,,4.378,4.248064,4.507937,NO_SIGNAL,NO_DATA,POLY_NEUTRAL,0.0,
2026-05-03,2026-05-08,^TNX,4.232725,4.378,4.523276,,TimeCopilot_MedianEnsemble,NEUTRAL,0.0,0.0,,,,,,,4.378,4.232725,4.523276,NO_SIGNAL,NO_DATA,POLY_NEUTRAL,0.0,
2026-05-03,2026-05-11,^TNX,4.218856,4.378,4.537144,,TimeCopilot_MedianEnsemble,NEUTRAL,0.0,0.0,,,,,,,4.378,4.218856,4.537144,NO_SIGNAL,NO_DATA,POLY_NEUTRAL,0.0,
2026-05-03,2026-05-12,^TNX,4.206102,4.378,4.549898,,TimeCopilot_MedianEnsemble,NEUTRAL,0.0,0.0,,,,,,,4.378,4.206102,4.549898,NO_SIGNAL,NO_DATA,POLY_NEUTRAL,0.0,
2026-05-03,2026-05-13,^TNX,4.194231,4.378,4.56177,,TimeCopilot_MedianEnsemble,NEUTRAL,0.0,0.0,,,,,,,4.378,4.194231,4.56177,NO_SIGNAL,NO_DATA,POLY_NEUTRAL,0.0,
2026-05-03,2026-05-14,^TNX,4.18308,4.378,4.572921,,TimeCopilot_MedianEnsemble,NEUTRAL,0.0,0.0,,,,,,,4.378,4.18308,4.572921,NO_SIGNAL,NO_DATA,POLY_NEUTRAL,0.0,
2026-05-03,2026-05-15,^TNX,4.172532,4.378,4.583468,,TimeCopilot_MedianEnsemble,NEUTRAL,0.0,0.0,,,,,,,4.378,4.172532,4.583468,NO_SIGNAL,NO_DATA,POLY_NEUTRAL,0.0,
2026-05-03,2026-05-04,^GSPC,7156.911036,7231.664217,7306.417398,7200.75,TimeCopilot_MedianEnsemble,NEUTRAL,0.1332,0.5864,30.914217,0.4275,1.0,0.0,2026-05-05T06:45:36.491596,,,,,nan,nan,nan,,
2026-05-03,2026-05-05,^GSPC,7129.010859,7233.685688,7338.360517,,TimeCopilot_MedianEnsemble,NEUTRAL,0.1332,0.4209,,,,,,,7233.685688,7129.010859,7338.360517,NO_SIGNAL,NO_DATA,POLY_NEUTRAL,0.0,
2026-05-03,2026-05-06,^GSPC,7107.938381,7235.707159,7363.475937,,TimeCopilot_MedianEnsemble,NEUTRAL,0.1332,0.2931,,,,,,,7235.707159,7107.938381,7363.475937,NO_SIGNAL,NO_DATA,POLY_NEUTRAL,0.0,
2026-05-03,2026-05-07,^GSPC,7090.444176,7237.728631,7385.013085,,TimeCopilot_MedianEnsemble,NEUTRAL,0.1332,0.1852,,,,,,,7237.728631,7090.444176,7385.013085,NO_SIGNAL,NO_DATA,POLY_NEUTRAL,0.0,
2026-05-03,2026-05-08,^GSPC,7075.249394,7239.750102,7404.25081,,TimeCopilot_MedianEnsemble,NEUTRAL,0.1332,0.0899,,,,,,,7239.750102,7075.249394,7404.25081,NO_SIGNAL,NO_DATA,POLY_NEUTRAL,0.0,
2026-05-03,2026-05-11,^GSPC,7061.693211,7241.771573,7421.849935,,TimeCopilot_MedianEnsemble,NEUTRAL,0.1332,0.0037,,,,,,,7241.771573,7061.693211,7421.849935,NO_SIGNAL,NO_DATA,POLY_NEUTRAL,0.0,
2026-05-03,2026-05-12,^GSPC,7049.381296,7243.793044,7438.204792,,TimeCopilot_MedianEnsemble,NEUTRAL,0.1332,0.0,,,,,,,7243.793044,7049.381296,7438.204792,NO_SIGNAL,NO_DATA,POLY_NEUTRAL,0.0,
2026-05-03,2026-05-13,^GSPC,7038.055942,7245.814516,7453.573089,,TimeCopilot_MedianEnsemble,NEUTRAL,0.1332,0.0,,,,,,,7245.814516,7038.055942,7453.573089,NO_SIGNAL,NO_DATA,POLY_NEUTRAL,0.0,
2026-05-03,2026-05-14,^GSPC,7027.53775,7247.835987,7468.134223,,TimeCopilot_MedianEnsemble,NEUTRAL,0.1332,0.0,,,,,,,7247.835987,7027.53775,7468.134223,NO_SIGNAL,NO_DATA,POLY_NEUTRAL,0.0,
2026-05-03,2026-05-15,^GSPC,7017.695889,7249.857458,7482.019027,,TimeCopilot_MedianEnsemble,NEUTRAL,0.1332,0.0,,,,,,,7249.857458,7017.695889,7482.019027,NO_SIGNAL,NO_DATA,POLY_NEUTRAL,0.0,
2026-05-04,2026-05-04,NG=F,2.62902,2.787969,2.925847,2.867,TimeCopilot_MedianEnsemble,NEUTRAL,0.0836,0.0,0.079031,2.8347,1.0,0.0,2026-05-05T06:45:36.117734,,,,,nan,nan,nan,,
2026-05-04,2026-05-05,NG=F,2.575723,2.785724,3.00978,,TimeCopilot_MedianEnsemble,NEUTRAL,0.0836,0.0,,,,,,,2.785724,2.575723,3.00978,NO_SIGNAL,NO_DATA,POLY_NEUTRAL,0.0,
2026-05-04,2026-05-06,NG=F,2.532912,2.787629,3.093235,,TimeCopilot_MedianEnsemble,NEUTRAL,0.0836,0.0,,,,,,,2.787629,2.532912,3.093235,NO_SIGNAL,NO_DATA,POLY_NEUTRAL,0.0,
2026-05-04,2026-05-07,NG=F,2.512241,2.809818,3.12857,,TimeCopilot_MedianEnsemble,BULLISH,0.0836,0.0,,,,,,,2.809818,2.512241,3.12857,NO_SIGNAL,NO_DATA,POLY_NEUTRAL,0.0,
2026-05-04,2026-05-08,NG=F,2.46669,2.782324,3.11841,,TimeCopilot_MedianEnsemble,NEUTRAL,0.0836,0.0,,,,,,,2.782324,2.46669,3.11841,NO_SIGNAL,NO_DATA,POLY_NEUTRAL,0.0,
2026-05-04,2026-05-11,NG=F,2.464435,2.819168,3.180682,,TimeCopilot_MedianEnsemble,BULLISH,0.0836,0.0,,,,,,,2.819168,2.464435,3.180682,NO_SIGNAL,NO_DATA,POLY_NEUTRAL,0.0,
2026-05-04,2026-05-12,NG=F,2.420184,2.805239,3.188243,,TimeCopilot_MedianEnsemble,BULLISH,0.0836,0.0,,,,,,,2.805239,2.420184,3.188243,NO_SIGNAL,NO_DATA,POLY_NEUTRAL,0.0,
2026-05-04,2026-05-13,NG=F,2.422596,2.82542,3.285639,,TimeCopilot_MedianEnsemble,BULLISH,0.0836,0.0,,,,,,,2.82542,2.422596,3.285639,NO_SIGNAL,NO_DATA,POLY_NEUTRAL,0.0,
2026-05-04,2026-05-14,NG=F,2.384323,2.796625,3.232678,,TimeCopilot_MedianEnsemble,BULLISH,0.0836,0.0,,,,,,,2.796625,2.384323,3.232678,NO_SIGNAL,NO_DATA,POLY_NEUTRAL,0.0,
2026-05-04,2026-05-15,NG=F,2.371181,2.824576,3.263443,,TimeCopilot_MedianEnsemble,BULLISH,0.0836,0.0,,,,,,,2.824576,2.371181,3.263443,NO_SIGNAL,NO_DATA,POLY_NEUTRAL,0.0,
2026-05-04,2026-05-04,GC=F,4563.87225,4641.29182,4716.111656,4519.5,TimeCopilot_MedianEnsemble,NEUTRAL,0.1882,0.3424,121.79182,2.6241,0.0,0.0,2026-05-05T06:45:36.003197,,,,,nan,nan,nan,,
2026-05-04,2026-05-05,GC=F,4529.838491,4641.485989,4746.563867,,TimeCopilot_MedianEnsemble,NEUTRAL,0.1882,0.0638,,,,,,,4641.485989,4529.838491,4746.563867,NO_SIGNAL,NO_DATA,POLY_NEUTRAL,0.0,
2026-05-04,2026-05-06,GC=F,4523.027779,4638.309033,4768.407232,,TimeCopilot_MedianEnsemble,NEUTRAL,0.1882,0.0,,,,,,,4638.309033,4523.027779,4768.407232,NO_SIGNAL,NO_DATA,POLY_NEUTRAL,0.0,
2026-05-04,2026-05-07,GC=F,4491.772217,4642.746333,4790.978157,,TimeCopilot_MedianEnsemble,NEUTRAL,0.1882,0.0,,,,,,,4642.746333,4491.772217,4790.978157,NO_SIGNAL,NO_DATA,POLY_NEUTRAL,0.0,
2026-05-04,2026-05-08,GC=F,4469.891644,4638.612065,4801.672535,,TimeCopilot_MedianEnsemble,NEUTRAL,0.1882,0.0,,,,,,,4638.612065,4469.891644,4801.672535,NO_SIGNAL,NO_DATA,POLY_NEUTRAL,0.0,
2026-05-04,2026-05-11,GC=F,4470.826595,4647.823194,4831.017243,,TimeCopilot_MedianEnsemble,BULLISH,0.1882,0.0,,,,,,,4647.823194,4470.826595,4831.017243,NO_SIGNAL,NO_DATA,POLY_NEUTRAL,0.0,
2026-05-04,2026-05-12,GC=F,4462.579334,4646.715318,4838.705727,,TimeCopilot_MedianEnsemble,BULLISH,0.1882,0.0,,,,,,,4646.715318,4462.579334,4838.705727,NO_SIGNAL,NO_DATA,POLY_NEUTRAL,0.0,
2026-05-04,2026-05-13,GC=F,4454.127762,4655.715344,4835.736987,,TimeCopilot_MedianEnsemble,BULLISH,0.1882,0.0,,,,,,,4655.715344,4454.127762,4835.736987,NO_SIGNAL,NO_DATA,POLY_NEUTRAL,0.0,
2026-05-04,2026-05-14,GC=F,4398.009311,4647.549073,4868.029227,,TimeCopilot_MedianEnsemble,BULLISH,0.1882,0.0,,,,,,,4647.549073,4398.009311,4868.029227,NO_SIGNAL,NO_DATA,POLY_NEUTRAL,0.0,
2026-05-04,2026-05-15,GC=F,4386.649497,4642.54574,4891.795898,,TimeCopilot_MedianEnsemble,NEUTRAL,0.1882,0.0,,,,,,,4642.54574,4386.649497,4891.795898,NO_SIGNAL,NO_DATA,POLY_NEUTRAL,0.0,
2026-05-04,2026-05-04,SI=F,72.70136,75.494641,78.496659,73.071999,TimeCopilot_MedianEnsemble,BEARISH,1.4493,0.0,2.422642,3.209,1.0,1.0,2026-05-05T06:45:36.225831,,,,,nan,nan,nan,,
2026-05-04,2026-05-05,SI=F,71.622564,75.518808,79.352245,,TimeCopilot_MedianEnsemble,BEARISH,1.4493,0.0,,,,,,,75.518808,71.622564,79.352245,NO_SIGNAL,NO_DATA,POLY_NEUTRAL,0.0,
2026-05-04,2026-05-06,SI=F,71.12755,75.148275,79.872712,,TimeCopilot_MedianEnsemble,BEARISH,1.4493,0.0,,,,,,,75.148275,71.12755,79.872712,NO_SIGNAL,NO_DATA,POLY_NEUTRAL,0.0,
2026-05-04,2026-05-07,SI=F,69.545859,74.566167,80.526839,,TimeCopilot_MedianEnsemble,BEARISH,1.4493,0.0,,,,,,,74.566167,69.545859,80.526839,NO_SIGNAL,NO_DATA,POLY_NEUTRAL,0.0,
2026-05-04,2026-05-08,SI=F,68.99419,74.850244,80.763147,,TimeCopilot_MedianEnsemble,BEARISH,1.4493,0.0,,,,,,,74.850244,68.99419,80.763147,NO_SIGNAL,NO_DATA,POLY_NEUTRAL,0.0,
2026-05-04,2026-05-11,SI=F,68.380938,74.769467,80.704419,,TimeCopilot_MedianEnsemble,BEARISH,1.4493,0.0,,,,,,,74.769467,68.380938,80.704419,NO_SIGNAL,NO_DATA,POLY_NEUTRAL,0.0,
2026-05-04,2026-05-12,SI=F,68.150699,74.522511,81.457694,,TimeCopilot_MedianEnsemble,BEARISH,1.4493,0.0,,,,,,,74.522511,68.150699,81.457694,NO_SIGNAL,NO_DATA,POLY_NEUTRAL,0.0,
2026-05-04,2026-05-13,SI=F,67.552135,74.613113,81.871067,,TimeCopilot_MedianEnsemble,BEARISH,1.4493,0.0,,,,,,,74.613113,67.552135,81.871067,NO_SIGNAL,NO_DATA,POLY_NEUTRAL,0.0,
2026-05-04,2026-05-14,SI=F,67.338241,74.541847,82.77467,,TimeCopilot_MedianEnsemble,BEARISH,1.4493,0.0,,,,,,,74.541847,67.338241,82.77467,NO_SIGNAL,NO_DATA,POLY_NEUTRAL,0.0,
2026-05-04,2026-05-15,SI=F,66.539367,74.9469,82.569954,,TimeCopilot_MedianEnsemble,BEARISH,1.4493,0.0,,,,,,,74.9469,66.539367,82.569954,NO_SIGNAL,NO_DATA,POLY_NEUTRAL,0.0,
2026-05-04,2026-05-04,CL=F,97.644302,101.861149,106.552383,106.419998,TimeCopilot_MedianEnsemble,NEUTRAL,1.0616,0.0,4.558849,4.4756,1.0,0.0,2026-05-05T06:45:35.662496,,,,,nan,nan,nan,,
2026-05-04,2026-05-05,CL=F,94.42459,101.230515,107.119956,,TimeCopilot_MedianEnsemble,BEARISH,1.0616,0.0,,,,,,,101.230515,94.42459,107.119956,NO_SIGNAL,NO_DATA,POLY_NEUTRAL,0.0,
2026-05-04,2026-05-06,CL=F,95.572194,101.193058,108.315216,,TimeCopilot_MedianEnsemble,BEARISH,1.0616,0.0,,,,,,,101.193058,95.572194,108.315216,NO_SIGNAL,NO_DATA,POLY_NEUTRAL,0.0,
2026-05-04,2026-05-07,CL=F,93.704012,102.252941,109.302531,,TimeCopilot_MedianEnsemble,BULLISH,1.0616,0.0,,,,,,,102.252941,93.704012,109.302531,NO_SIGNAL,NO_DATA,POLY_NEUTRAL,0.0,
2026-05-04,2026-05-08,CL=F,91.00858,100.857765,109.333595,,TimeCopilot_MedianEnsemble,BEARISH,1.0616,0.0,,,,,,,100.857765,91.00858,109.333595,NO_SIGNAL,NO_DATA,POLY_NEUTRAL,0.0,
2026-05-04,2026-05-11,CL=F,91.233145,99.995831,109.750776,,TimeCopilot_MedianEnsemble,BEARISH,1.0616,0.0,,,,,,,99.995831,91.233145,109.750776,NO_SIGNAL,NO_DATA,POLY_NEUTRAL,0.0,
2026-05-04,2026-05-12,CL=F,90.209819,100.772305,111.14289,,TimeCopilot_MedianEnsemble,BEARISH,1.0616,0.0,,,,,,,100.772305,90.209819,111.14289,NO_SIGNAL,NO_DATA,POLY_NEUTRAL,0.0,
2026-05-04,2026-05-13,CL=F,87.794032,100.775517,111.555265,,TimeCopilot_MedianEnsemble,BEARISH,1.0616,0.0,,,,,,,100.775517,87.794032,111.555265,NO_SIGNAL,NO_DATA,POLY_NEUTRAL,0.0,
2026-05-04,2026-05-14,CL=F,87.840907,100.647854,112.10928,,TimeCopilot_MedianEnsemble,BEARISH,1.0616,0.0,,,,,,,100.647854,87.840907,112.10928,NO_SIGNAL,NO_DATA,POLY_NEUTRAL,0.0,
2026-05-04,2026-05-15,CL=F,88.726543,100.683163,112.831204,,TimeCopilot_MedianEnsemble,BEARISH,1.0616,0.0,,,,,,,100.683163,88.726543,112.831204,NO_SIGNAL,NO_DATA,POLY_NEUTRAL,0.0,
2026-05-04,2026-05-04,HG=F,5.799308,5.931239,6.057028,5.795,TimeCopilot_MedianEnsemble,NEUTRAL,0.0122,0.1311,0.136239,2.297,0.0,0.0,2026-05-05T06:45:36.065125,,,,,nan,nan,nan,,
2026-05-04,2026-05-05,HG=F,5.777092,5.939706,6.097011,,TimeCopilot_MedianEnsemble,NEUTRAL,0.0122,0.0,,,,,,,5.939706,5.777092,6.097011,NO_SIGNAL,NO_DATA,POLY_NEUTRAL,0.0,
2026-05-04,2026-05-06,HG=F,5.725328,5.931273,6.118691,,TimeCopilot_MedianEnsemble,NEUTRAL,0.0122,0.0,,,,,,,5.931273,5.725328,6.118691,NO_SIGNAL,NO_DATA,POLY_NEUTRAL,0.0,
2026-05-04,2026-05-07,HG=F,5.690439,5.93813,6.183657,,TimeCopilot_MedianEnsemble,NEUTRAL,0.0122,0.0,,,,,,,5.93813,5.690439,6.183657,NO_SIGNAL,NO_DATA,POLY_NEUTRAL,0.0,
2026-05-04,2026-05-08,HG=F,5.657289,5.931274,6.179654,,TimeCopilot_MedianEnsemble,NEUTRAL,0.0122,0.0,,,,,,,5.931274,5.657289,6.179654,NO_SIGNAL,NO_DATA,POLY_NEUTRAL,0.0,
2026-05-04,2026-05-11,HG=F,5.646631,5.931274,6.227465,,TimeCopilot_MedianEnsemble,NEUTRAL,0.0122,0.0,,,,,,,5.931274,5.646631,6.227465,NO_SIGNAL,NO_DATA,POLY_NEUTRAL,0.0,
2026-05-04,2026-05-12,HG=F,5.656796,5.931274,6.226542,,TimeCopilot_MedianEnsemble,NEUTRAL,0.0122,0.0,,,,,,,5.931274,5.656796,6.226542,NO_SIGNAL,NO_DATA,POLY_NEUTRAL,0.0,
2026-05-04,2026-05-13,HG=F,5.561506,5.931274,6.269079,,TimeCopilot_MedianEnsemble,NEUTRAL,0.0122,0.0,,,,,,,5.931274,5.561506,6.269079,NO_SIGNAL,NO_DATA,POLY_NEUTRAL,0.0,
2026-05-04,2026-05-14,HG=F,5.594958,5.931274,6.298598,,TimeCopilot_MedianEnsemble,NEUTRAL,0.0122,0.0,,,,,,,5.931274,5.594958,6.298598,NO_SIGNAL,NO_DATA,POLY_NEUTRAL,0.0,
2026-05-04,2026-05-15,HG=F,5.581894,5.942425,6.344846,,TimeCopilot_MedianEnsemble,NEUTRAL,0.0122,0.0,,,,,,,5.942425,5.581894,6.344846,NO_SIGNAL,NO_DATA,POLY_NEUTRAL,0.0,
2026-05-04,2026-05-04,EURUSD=X,1.167051,1.172851,1.179367,1.172663,TimeCopilot_MedianEnsemble,NEUTRAL,0.005,0.79,0.000188,0.016,1.0,0.0,2026-05-05T06:45:35.800939,,,,,nan,nan,nan,,
2026-05-04,2026-05-05,EURUSD=X,1.163699,1.172851,1.182003,,TimeCopilot_MedianEnsemble,NEUTRAL,0.005,0.6879,,,,,,,1.172851,1.163699,1.182003,NO_SIGNAL,NO_DATA,POLY_NEUTRAL,0.0,
2026-05-04,2026-05-06,EURUSD=X,1.162306,1.172851,1.184017,,TimeCopilot_MedianEnsemble,NEUTRAL,0.005,0.6298,,,,,,,1.172851,1.162306,1.184017,NO_SIGNAL,NO_DATA,POLY_NEUTRAL,0.0,
2026-05-04,2026-05-07,EURUSD=X,1.159953,1.172851,1.18575,,TimeCopilot_MedianEnsemble,NEUTRAL,0.005,0.5601,,,,,,,1.172851,1.159953,1.18575,NO_SIGNAL,NO_DATA,POLY_NEUTRAL,0.0,
2026-05-04,2026-05-08,EURUSD=X,1.15959,1.172851,1.186016,,TimeCopilot_MedianEnsemble,NEUTRAL,0.005,0.5494,,,,,,,1.172851,1.15959,1.186016,NO_SIGNAL,NO_DATA,POLY_NEUTRAL,0.0,
2026-05-04,2026-05-11,EURUSD=X,1.157374,1.172851,1.188631,,TimeCopilot_MedianEnsemble,NEUTRAL,0.005,0.467,,,,,,,1.172851,1.157374,1.188631,NO_SIGNAL,NO_DATA,POLY_NEUTRAL,0.0,
2026-05-04,2026-05-12,EURUSD=X,1.155814,1.172851,1.189889,,TimeCopilot_MedianEnsemble,NEUTRAL,0.005,0.419,,,,,,,1.172851,1.155814,1.189889,NO_SIGNAL,NO_DATA,POLY_NEUTRAL,0.0,
2026-05-04,2026-05-13,EURUSD=X,1.154695,1.172851,1.190111,,TimeCopilot_MedianEnsemble,NEUTRAL,0.005,0.3961,,,,,,,1.172851,1.154695,1.190111,NO_SIGNAL,NO_DATA,POLY_NEUTRAL,0.0,
2026-05-04,2026-05-14,EURUSD=X,1.153541,1.172851,1.189108,,TimeCopilot_MedianEnsemble,NEUTRAL,0.005,0.3935,,,,,,,1.172851,1.153541,1.189108,NO_SIGNAL,NO_DATA,POLY_NEUTRAL,0.0,
2026-05-04,2026-05-15,EURUSD=X,1.1525,1.172851,1.192643,,TimeCopilot_MedianEnsemble,NEUTRAL,0.005,0.3155,,,,,,,1.172851,1.1525,1.192643,NO_SIGNAL,NO_DATA,POLY_NEUTRAL,0.0,
2026-05-04,2026-05-04,GBPUSD=X,1.350223,1.358467,1.367,1.358142,TimeCopilot_MedianEnsemble,NEUTRAL,0.0966,0.7533,0.000325,0.0239,1.0,0.0,2026-05-05T06:45:35.905675,,,,,nan,nan,nan,,
2026-05-04,2026-05-05,GBPUSD=X,1.348889,1.359117,1.370222,,TimeCopilot_MedianEnsemble,NEUTRAL,0.0966,0.6863,,,,,,,1.359117,1.348889,1.370222,NO_SIGNAL,NO_DATA,POLY_NEUTRAL,0.0,
2026-05-04,2026-05-06,GBPUSD=X,1.347697,1.360571,1.373379,,TimeCopilot_MedianEnsemble,NEUTRAL,0.0966,0.6224,,,,,,,1.360571,1.347697,1.373379,NO_SIGNAL,NO_DATA,POLY_NEUTRAL,0.0,
2026-05-04,2026-05-07,GBPUSD=X,1.345462,1.359988,1.374996,,TimeCopilot_MedianEnsemble,NEUTRAL,0.0966,0.5658,,,,,,,1.359988,1.345462,1.374996,NO_SIGNAL,NO_DATA,POLY_NEUTRAL,0.0,
2026-05-04,2026-05-08,GBPUSD=X,1.343565,1.358952,1.37552,,TimeCopilot_MedianEnsemble,NEUTRAL,0.0966,0.5302,,,,,,,1.358952,1.343565,1.37552,NO_SIGNAL,NO_DATA,POLY_NEUTRAL,0.0,
2026-05-04,2026-05-11,GBPUSD=X,1.340632,1.358719,1.376772,,TimeCopilot_MedianEnsemble,NEUTRAL,0.0966,0.4686,,,,,,,1.358719,1.340632,1.376772,NO_SIGNAL,NO_DATA,POLY_NEUTRAL,0.0,
2026-05-04,2026-05-12,GBPUSD=X,1.34059,1.35844,1.379173,,TimeCopilot_MedianEnsemble,NEUTRAL,0.0966,0.4327,,,,,,,1.35844,1.34059,1.379173,NO_SIGNAL,NO_DATA,POLY_NEUTRAL,0.0,
2026-05-04,2026-05-13,GBPUSD=X,1.3397,1.358549,1.377854,,TimeCopilot_MedianEnsemble,NEUTRAL,0.0966,0.439,,,,,,,1.358549,1.3397,1.377854,NO_SIGNAL,NO_DATA,POLY_NEUTRAL,0.0,
2026-05-04,2026-05-14,GBPUSD=X,1.338128,1.358443,1.380812,,TimeCopilot_MedianEnsemble,NEUTRAL,0.0966,0.3724,,,,,,,1.358443,1.338128,1.380812,NO_SIGNAL,NO_DATA,POLY_NEUTRAL,0.0,
2026-05-04,2026-05-15,GBPUSD=X,1.337262,1.36006,1.383344,,TimeCopilot_MedianEnsemble,NEUTRAL,0.0966,0.3225,,,,,,,1.36006,1.337262,1.383344,NO_SIGNAL,NO_DATA,POLY_NEUTRAL,0.0,
2026-05-04,2026-05-04,USDJPY=X,155.772171,157.034081,158.262943,156.845993,TimeCopilot_MedianEnsemble,NEUTRAL,0.0484,0.6827,0.188088,0.1198,1.0,0.0,2026-05-05T06:45:36.413783,,,,,nan,nan,nan,,
2026-05-04,2026-05-05,USDJPY=X,155.161604,157.053899,158.743544,,TimeCopilot_MedianEnsemble,NEUTRAL,0.0484,0.5436,,,,,,,157.053899,155.161604,158.743544,NO_SIGNAL,NO_DATA,POLY_NEUTRAL,0.0,
2026-05-04,2026-05-06,USDJPY=X,154.718022,157.053899,159.114901,,TimeCopilot_MedianEnsemble,NEUTRAL,0.0484,0.4398,,,,,,,157.053899,154.718022,159.114901,NO_SIGNAL,NO_DATA,POLY_NEUTRAL,0.0,
2026-05-04,2026-05-07,USDJPY=X,154.556176,156.987503,159.42887,,TimeCopilot_MedianEnsemble,NEUTRAL,0.0484,0.3792,,,,,,,156.987503,154.556176,159.42887,NO_SIGNAL,NO_DATA,POLY_NEUTRAL,0.0,
2026-05-04,2026-05-08,USDJPY=X,154.401877,157.053899,159.705921,,TimeCopilot_MedianEnsemble,NEUTRAL,0.0484,0.3242,,,,,,,157.053899,154.401877,159.705921,NO_SIGNAL,NO_DATA,POLY_NEUTRAL,0.0,
2026-05-04,2026-05-11,USDJPY=X,154.151153,156.960342,159.956645,,TimeCopilot_MedianEnsemble,NEUTRAL,0.0484,0.2603,,,,,,,156.960342,154.151153,159.956645,NO_SIGNAL,NO_DATA,POLY_NEUTRAL,0.0,
2026-05-04,2026-05-12,USDJPY=X,153.665428,157.053899,160.18737,,TimeCopilot_MedianEnsemble,NEUTRAL,0.0484,0.1691,,,,,,,157.053899,153.665428,160.18737,NO_SIGNAL,NO_DATA,POLY_NEUTRAL,0.0,
2026-05-04,2026-05-13,USDJPY=X,153.705565,156.87262,160.309963,,TimeCopilot_MedianEnsemble,NEUTRAL,0.0484,0.1586,,,,,,,156.87262,153.705565,160.309963,NO_SIGNAL,NO_DATA,POLY_NEUTRAL,0.0,
2026-05-04,2026-05-14,USDJPY=X,153.503683,156.932518,160.413596,,TimeCopilot_MedianEnsemble,NEUTRAL,0.0484,0.1196,,,,,,,156.932518,153.503683,160.413596,NO_SIGNAL,NO_DATA,POLY_NEUTRAL,0.0,
2026-05-04,2026-05-15,USDJPY=X,153.312679,156.876892,160.56422,,TimeCopilot_MedianEnsemble,NEUTRAL,0.0484,0.0761,,,,,,,156.876892,153.312679,160.56422,NO_SIGNAL,NO_DATA,POLY_NEUTRAL,0.0,
2026-05-04,2026-05-04,AUDUSD=X,0.714184,0.719278,0.724394,0.721293,TimeCopilot_MedianEnsemble,NEUTRAL,0.0905,0.7164,0.002015,0.2801,1.0,0.0,2026-05-05T06:45:35.601404,,,,,nan,nan,nan,,
2026-05-04,2026-05-05,AUDUSD=X,0.712893,0.719973,0.726681,,TimeCopilot_MedianEnsemble,NEUTRAL,0.0905,0.617,,,,,,,0.719973,0.712893,0.726681,NO_SIGNAL,NO_DATA,POLY_NEUTRAL,0.0,
2026-05-04,2026-05-06,AUDUSD=X,0.711035,0.719379,0.727766,,TimeCopilot_MedianEnsemble,NEUTRAL,0.0905,0.5353,,,,,,,0.719379,0.711035,0.727766,NO_SIGNAL,NO_DATA,POLY_NEUTRAL,0.0,
2026-05-04,2026-05-07,AUDUSD=X,0.710828,0.720817,0.730423,,TimeCopilot_MedianEnsemble,NEUTRAL,0.0905,0.4558,,,,,,,0.720817,0.710828,0.730423,NO_SIGNAL,NO_DATA,POLY_NEUTRAL,0.0,
2026-05-04,2026-05-08,AUDUSD=X,0.708779,0.719428,0.730639,,TimeCopilot_MedianEnsemble,NEUTRAL,0.0905,0.3928,,,,,,,0.719428,0.708779,0.730639,NO_SIGNAL,NO_DATA,POLY_NEUTRAL,0.0,
2026-05-04,2026-05-11,AUDUSD=X,0.709116,0.71995,0.73113,,TimeCopilot_MedianEnsemble,NEUTRAL,0.0905,0.3886,,,,,,,0.71995,0.709116,0.73113,NO_SIGNAL,NO_DATA,POLY_NEUTRAL,0.0,
2026-05-04,2026-05-12,AUDUSD=X,0.707018,0.719667,0.731672,,TimeCopilot_MedianEnsemble,NEUTRAL,0.0905,0.3152,,,,,,,0.719667,0.707018,0.731672,NO_SIGNAL,NO_DATA,POLY_NEUTRAL,0.0,
2026-05-04,2026-05-13,AUDUSD=X,0.707289,0.719928,0.732872,,TimeCopilot_MedianEnsemble,NEUTRAL,0.0905,0.2894,,,,,,,0.719928,0.707289,0.732872,NO_SIGNAL,NO_DATA,POLY_NEUTRAL,0.0,
2026-05-04,2026-05-14,AUDUSD=X,0.705353,0.719463,0.733646,,TimeCopilot_MedianEnsemble,NEUTRAL,0.0905,0.2142,,,,,,,0.719463,0.705353,0.733646,NO_SIGNAL,NO_DATA,POLY_NEUTRAL,0.0,
2026-05-04,2026-05-15,AUDUSD=X,0.704545,0.719481,0.734416,,TimeCopilot_MedianEnsemble,NEUTRAL,0.0905,0.1703,,,,,,,0.719481,0.704545,0.734416,NO_SIGNAL,NO_DATA,POLY_NEUTRAL,0.0,
2026-05-04,2026-05-04,USDCHF=X,0.775974,0.780911,0.786827,0.78113,TimeCopilot_MedianEnsemble,NEUTRAL,0.0001,0.7222,0.000219,0.028,1.0,0.0,2026-05-05T06:45:36.335658,,,,,nan,nan,nan,,
2026-05-04,2026-05-05,USDCHF=X,0.773718,0.780997,0.788706,,TimeCopilot_MedianEnsemble,NEUTRAL,0.0001,0.6164,,,,,,,0.780997,0.773718,0.788706,NO_SIGNAL,NO_DATA,POLY_NEUTRAL,0.0,
2026-05-04,2026-05-06,USDCHF=X,0.772841,0.7814,0.790799,,TimeCopilot_MedianEnsemble,NEUTRAL,0.0001,0.5404,,,,,,,0.7814,0.772841,0.790799,NO_SIGNAL,NO_DATA,POLY_NEUTRAL,0.0,
2026-05-04,2026-05-07,USDCHF=X,0.770548,0.7814,0.792253,,TimeCopilot_MedianEnsemble,NEUTRAL,0.0001,0.4445,,,,,,,0.7814,0.770548,0.792253,NO_SIGNAL,NO_DATA,POLY_NEUTRAL,0.0,
2026-05-04,2026-05-08,USDCHF=X,0.770735,0.7814,0.793534,,TimeCopilot_MedianEnsemble,NEUTRAL,0.0001,0.4165,,,,,,,0.7814,0.770735,0.793534,NO_SIGNAL,NO_DATA,POLY_NEUTRAL,0.0,
2026-05-04,2026-05-11,USDCHF=X,0.768197,0.7814,0.794693,,TimeCopilot_MedianEnsemble,NEUTRAL,0.0001,0.3218,,,,,,,0.7814,0.768197,0.794693,NO_SIGNAL,NO_DATA,POLY_NEUTRAL,0.0,
2026-05-04,2026-05-12,USDCHF=X,0.767683,0.7814,0.794839,,TimeCopilot_MedianEnsemble,NEUTRAL,0.0001,0.3049,,,,,,,0.7814,0.767683,0.794839,NO_SIGNAL,NO_DATA,POLY_NEUTRAL,0.0,
2026-05-04,2026-05-13,USDCHF=X,0.767204,0.7814,0.795897,,TimeCopilot_MedianEnsemble,NEUTRAL,0.0001,0.2656,,,,,,,0.7814,0.767204,0.795897,NO_SIGNAL,NO_DATA,POLY_NEUTRAL,0.0,
2026-05-04,2026-05-14,USDCHF=X,0.766447,0.7814,0.796969,,TimeCopilot_MedianEnsemble,NEUTRAL,0.0001,0.2188,,,,,,,0.7814,0.766447,0.796969,NO_SIGNAL,NO_DATA,POLY_NEUTRAL,0.0,
2026-05-04,2026-05-15,USDCHF=X,0.766022,0.7814,0.797084,,TimeCopilot_MedianEnsemble,NEUTRAL,0.0001,0.205,,,,,,,0.7814,0.766022,0.797084,NO_SIGNAL,NO_DATA,POLY_NEUTRAL,0.0,
2026-05-04,2026-05-04,DX-Y.NYB,97.670954,98.209993,98.749031,98.470001,TimeCopilot_MedianEnsemble,NEUTRAL,0.0,0.7805,0.260008,0.2647,1.0,0.0,2026-05-05T06:45:35.740741,,,,,nan,nan,nan,,
2026-05-04,2026-05-05,DX-Y.NYB,97.447695,98.209993,98.972291,,TimeCopilot_MedianEnsemble,NEUTRAL,0.0,0.6895,,,,,,,98.209993,97.447695,98.972291,NO_SIGNAL,NO_DATA,POLY_NEUTRAL,0.0,
2026-05-04,2026-05-06,DX-Y.NYB,97.276378,98.209993,99.059658,,TimeCopilot_MedianEnsemble,NEUTRAL,0.0,0.6368,,,,,,,98.209993,97.276378,99.059658,NO_SIGNAL,NO_DATA,POLY_NEUTRAL,0.0,
2026-05-04,2026-05-07,DX-Y.NYB,97.180941,98.209993,99.192982,,TimeCopilot_MedianEnsemble,NEUTRAL,0.0,0.5903,,,,,,,98.209993,97.180941,99.192982,NO_SIGNAL,NO_DATA,POLY_NEUTRAL,0.0,
2026-05-04,2026-05-08,DX-Y.NYB,97.028176,98.209993,99.237161,,TimeCopilot_MedianEnsemble,NEUTRAL,0.0,0.5502,,,,,,,98.209993,97.028176,99.237161,NO_SIGNAL,NO_DATA,POLY_NEUTRAL,0.0,
2026-05-04,2026-05-11,DX-Y.NYB,97.012904,98.209993,99.286857,,TimeCopilot_MedianEnsemble,NEUTRAL,0.0,0.5369,,,,,,,98.209993,97.012904,99.286857,NO_SIGNAL,NO_DATA,POLY_NEUTRAL,0.0,
2026-05-04,2026-05-12,DX-Y.NYB,96.783873,98.209993,99.529931,,TimeCopilot_MedianEnsemble,NEUTRAL,0.0,0.4408,,,,,,,98.209993,96.783873,99.529931,NO_SIGNAL,NO_DATA,POLY_NEUTRAL,0.0,
2026-05-04,2026-05-13,DX-Y.NYB,96.808223,98.209993,99.375827,,TimeCopilot_MedianEnsemble,NEUTRAL,0.0,0.4771,,,,,,,98.209993,96.808223,99.375827,NO_SIGNAL,NO_DATA,POLY_NEUTRAL,0.0,
2026-05-04,2026-05-14,DX-Y.NYB,96.683803,98.209993,99.510695,,TimeCopilot_MedianEnsemble,NEUTRAL,0.0,0.4243,,,,,,,98.209993,96.683803,99.510695,NO_SIGNAL,NO_DATA,POLY_NEUTRAL,0.0,
2026-05-04,2026-05-15,DX-Y.NYB,96.788712,98.209993,99.730028,,TimeCopilot_MedianEnsemble,NEUTRAL,0.0,0.401,,,,,,,98.209993,96.788712,99.730028,NO_SIGNAL,NO_DATA,POLY_NEUTRAL,0.0,
2026-05-04,2026-05-04,^TNX,4.313414,4.378,4.443028,4.446,TimeCopilot_MedianEnsemble,NEUTRAL,0.0,0.4079,0.068,1.5532,0.0,0.0,2026-05-05T06:45:36.555319,,,,,nan,nan,nan,,
2026-05-04,2026-05-05,^TNX,4.286039,4.378,4.456565,,TimeCopilot_MedianEnsemble,NEUTRAL,0.0,0.221,,,,,,,4.378,4.286039,4.456565,NO_SIGNAL,NO_DATA,POLY_NEUTRAL,0.0,
2026-05-04,2026-05-06,^TNX,4.266328,4.374828,4.466728,,TimeCopilot_MedianEnsemble,NEUTRAL,0.0,0.0845,,,,,,,4.374828,4.266328,4.466728,NO_SIGNAL,NO_DATA,POLY_NEUTRAL,0.0,
2026-05-04,2026-05-07,^TNX,4.248873,4.372497,4.486223,,TimeCopilot_MedianEnsemble,NEUTRAL,0.0,0.0,,,,,,,4.372497,4.248873,4.486223,NO_SIGNAL,NO_DATA,POLY_NEUTRAL,0.0,
2026-05-04,2026-05-08,^TNX,4.232591,4.378,4.485951,,TimeCopilot_MedianEnsemble,NEUTRAL,0.0,0.0,,,,,,,4.378,4.232591,4.485951,NO_SIGNAL,NO_DATA,POLY_NEUTRAL,0.0,
2026-05-04,2026-05-11,^TNX,4.21871,4.378,4.508315,,TimeCopilot_MedianEnsemble,NEUTRAL,0.0,0.0,,,,,,,4.378,4.21871,4.508315,NO_SIGNAL,NO_DATA,POLY_NEUTRAL,0.0,
2026-05-04,2026-05-12,^TNX,4.222872,4.378,4.514591,,TimeCopilot_MedianEnsemble,NEUTRAL,0.0,0.0,,,,,,,4.378,4.222872,4.514591,NO_SIGNAL,NO_DATA,POLY_NEUTRAL,0.0,
2026-05-04,2026-05-13,^TNX,4.202364,4.378,4.534418,,TimeCopilot_MedianEnsemble,NEUTRAL,0.0,0.0,,,,,,,4.378,4.202364,4.534418,NO_SIGNAL,NO_DATA,POLY_NEUTRAL,0.0,
2026-05-04,2026-05-14,^TNX,4.201051,4.378,4.53835,,TimeCopilot_MedianEnsemble,NEUTRAL,0.0,0.0,,,,,,,4.378,4.201051,4.53835,NO_SIGNAL,NO_DATA,POLY_NEUTRAL,0.0,
2026-05-04,2026-05-15,^TNX,4.198197,4.378,4.559079,,TimeCopilot_MedianEnsemble,NEUTRAL,0.0,0.0,,,,,,,4.378,4.198197,4.559079,NO_SIGNAL,NO_DATA,POLY_NEUTRAL,0.0,
2026-05-04,2026-05-04,^GSPC,7156.85015,7231.620069,7300.212692,7200.75,TimeCopilot_MedianEnsemble,NEUTRAL,0.13,0.6034,30.870069,0.4269,1.0,0.0,2026-05-05T06:45:36.493423,,,,,nan,nan,nan,,
2026-05-04,2026-05-05,^GSPC,7128.890366,7233.594423,7338.177408,,TimeCopilot_MedianEnsemble,NEUTRAL,0.13,0.4211,,,,,,,7233.594423,7128.890366,7338.177408,NO_SIGNAL,NO_DATA,POLY_NEUTRAL,0.0,
2026-05-04,2026-05-06,^GSPC,7107.761871,7235.568778,7363.375685,,TimeCopilot_MedianEnsemble,NEUTRAL,0.13,0.2929,,,,,,,7235.568778,7107.761871,7363.375685,NO_SIGNAL,NO_DATA,POLY_NEUTRAL,0.0,
2026-05-04,2026-05-07,^GSPC,7090.21329,7237.543132,7380.568942,,TimeCopilot_MedianEnsemble,NEUTRAL,0.13,0.1968,,,,,,,7237.543132,7090.21329,7380.568942,NO_SIGNAL,NO_DATA,POLY_NEUTRAL,0.0,
2026-05-04,2026-05-08,^GSPC,7074.965116,7239.517487,7395.309478,,TimeCopilot_MedianEnsemble,NEUTRAL,0.13,0.1139,,,,,,,7239.517487,7074.965116,7395.309478,NO_SIGNAL,NO_DATA,POLY_NEUTRAL,0.0,
2026-05-04,2026-05-11,^GSPC,7061.356212,7241.491841,7421.62747,,TimeCopilot_MedianEnsemble,NEUTRAL,0.13,0.0034,,,,,,,7241.491841,7061.356212,7421.62747,NO_SIGNAL,NO_DATA,POLY_NEUTRAL,0.0,
2026-05-04,2026-05-12,^GSPC,7048.992072,7243.466196,7427.999489,,TimeCopilot_MedianEnsemble,NEUTRAL,0.13,0.0,,,,,,,7243.466196,7048.992072,7427.999489,NO_SIGNAL,NO_DATA,POLY_NEUTRAL,0.0,
2026-05-04,2026-05-13,^GSPC,7037.614876,7245.44055,7442.23164,,TimeCopilot_MedianEnsemble,NEUTRAL,0.13,0.0,,,,,,,7245.44055,7037.614876,7442.23164,NO_SIGNAL,NO_DATA,POLY_NEUTRAL,0.0,
2026-05-04,2026-05-14,^GSPC,7027.045153,7247.414905,7467.784656,,TimeCopilot_MedianEnsemble,NEUTRAL,0.13,0.0,,,,,,,7247.414905,7027.045153,7467.784656,NO_SIGNAL,NO_DATA,POLY_NEUTRAL,0.0,
2026-05-04,2026-05-15,^GSPC,7017.152015,7249.389259,7481.626503,,TimeCopilot_MedianEnsemble,NEUTRAL,0.13,0.0,,,,,,,7249.389259,7017.152015,7481.626503,NO_SIGNAL,NO_DATA,POLY_NEUTRAL,0.0,
2026-05-05,2026-05-05,NG=F,2.692246,2.854801,3.024246,,TimeCopilot_MedianEnsemble,BEARISH,0.8867,0.0,,,,,,,2.854801,2.692246,3.024246,NO_SIGNAL,NO_DATA,POLY_NEUTRAL,0.0,
2026-05-05,2026-05-06,NG=F,2.62671,2.858524,3.108303,,TimeCopilot_MedianEnsemble,NEUTRAL,0.8867,0.0,,,,,,,2.858524,2.62671,3.108303,NO_SIGNAL,NO_DATA,POLY_NEUTRAL,0.0,
2026-05-05,2026-05-07,NG=F,2.578162,2.851098,3.158617,,TimeCopilot_MedianEnsemble,BEARISH,0.8867,0.0,,,,,,,2.851098,2.578162,3.158617,NO_SIGNAL,NO_DATA,POLY_NEUTRAL,0.0,
2026-05-05,2026-05-08,NG=F,2.504076,2.843958,3.239664,,TimeCopilot_MedianEnsemble,BEARISH,0.8867,0.0,,,,,,,2.843958,2.504076,3.239664,NO_SIGNAL,NO_DATA,POLY_NEUTRAL,0.0,
2026-05-05,2026-05-11,NG=F,2.468428,2.841578,3.285158,,TimeCopilot_MedianEnsemble,BEARISH,0.8867,0.0,,,,,,,2.841578,2.468428,3.285158,NO_SIGNAL,NO_DATA,POLY_NEUTRAL,0.0,
2026-05-05,2026-05-12,NG=F,2.460923,2.838602,3.327787,,TimeCopilot_MedianEnsemble,BEARISH,0.8867,0.0,,,,,,,2.838602,2.460923,3.327787,NO_SIGNAL,NO_DATA,POLY_NEUTRAL,0.0,
2026-05-05,2026-05-13,NG=F,2.44182,2.845743,3.326384,,TimeCopilot_MedianEnsemble,BEARISH,0.8867,0.0,,,,,,,2.845743,2.44182,3.326384,NO_SIGNAL,NO_DATA,POLY_NEUTRAL,0.0,
2026-05-05,2026-05-14,NG=F,2.425094,2.854073,3.369047,,TimeCopilot_MedianEnsemble,BEARISH,0.8867,0.0,,,,,,,2.854073,2.425094,3.369047,NO_SIGNAL,NO_DATA,POLY_NEUTRAL,0.0,
2026-05-05,2026-05-15,NG=F,2.396247,2.851693,3.442637,,TimeCopilot_MedianEnsemble,BEARISH,0.8867,0.0,,,,,,,2.851693,2.396247,3.442637,NO_SIGNAL,NO_DATA,POLY_NEUTRAL,0.0,
2026-05-05,2026-05-18,NG=F,2.383685,2.862404,3.408195,,TimeCopilot_MedianEnsemble,NEUTRAL,0.8867,0.0,,,,,,,2.862404,2.383685,3.408195,NO_SIGNAL,NO_DATA,POLY_NEUTRAL,0.0,
2026-05-05,2026-05-05,GC=F,4446.157482,4530.175617,4606.852069,,TimeCopilot_MedianEnsemble,NEUTRAL,0.736,0.2889,,,,,,,4530.175617,4446.157482,4606.852069,NO_SIGNAL,NO_DATA,POLY_NEUTRAL,0.0,
2026-05-05,2026-05-06,GC=F,4431.506124,4541.534737,4648.562404,,TimeCopilot_MedianEnsemble,BULLISH,0.736,0.0395,,,,,,,4541.534737,4431.506124,4648.562404,NO_SIGNAL,NO_DATA,POLY_NEUTRAL,0.0,
2026-05-05,2026-05-07,GC=F,4410.294316,4542.963575,4673.43922,,TimeCopilot_MedianEnsemble,BULLISH,0.736,0.0,,,,,,,4542.963575,4410.294316,4673.43922,NO_SIGNAL,NO_DATA,POLY_NEUTRAL,0.0,
2026-05-05,2026-05-08,GC=F,4400.843205,4547.482798,4695.440901,,TimeCopilot_MedianEnsemble,BULLISH,0.736,0.0,,,,,,,4547.482798,4400.843205,4695.440901,NO_SIGNAL,NO_DATA,POLY_NEUTRAL,0.0,
2026-05-05,2026-05-11,GC=F,4390.004893,4552.764721,4715.524549,,TimeCopilot_MedianEnsemble,BULLISH,0.736,0.0,,,,,,,4552.764721,4390.004893,4715.524549,NO_SIGNAL,NO_DATA,POLY_NEUTRAL,0.0,
2026-05-05,2026-05-12,GC=F,4379.806535,4547.92139,4734.209877,,TimeCopilot_MedianEnsemble,BULLISH,0.736,0.0,,,,,,,4547.92139,4379.806535,4734.209877,NO_SIGNAL,NO_DATA,POLY_NEUTRAL,0.0,
2026-05-05,2026-05-13,GC=F,4356.005487,4531.55365,4740.441063,,TimeCopilot_MedianEnsemble,NEUTRAL,0.736,0.0,,,,,,,4531.55365,4356.005487,4740.441063,NO_SIGNAL,NO_DATA,POLY_NEUTRAL,0.0,
2026-05-05,2026-05-14,GC=F,4337.312045,4549.033811,4749.619623,,TimeCopilot_MedianEnsemble,BULLISH,0.736,0.0,,,,,,,4549.033811,4337.312045,4749.619623,NO_SIGNAL,NO_DATA,POLY_NEUTRAL,0.0,
2026-05-05,2026-05-15,GC=F,4311.585856,4543.37652,4748.873702,,TimeCopilot_MedianEnsemble,BULLISH,0.736,0.0,,,,,,,4543.37652,4311.585856,4748.873702,NO_SIGNAL,NO_DATA,POLY_NEUTRAL,0.0,
2026-05-05,2026-05-18,GC=F,4312.282,4546.729483,4791.707733,,TimeCopilot_MedianEnsemble,BULLISH,0.736,0.0,,,,,,,4546.729483,4312.282,4791.707733,NO_SIGNAL,NO_DATA,POLY_NEUTRAL,0.0,
2026-05-05,2026-05-05,SI=F,70.548456,73.151341,75.849043,,TimeCopilot_MedianEnsemble,NEUTRAL,0.3796,0.0,,,,,,,73.151341,70.548456,75.849043,NO_SIGNAL,NO_DATA,POLY_NEUTRAL,0.0,
2026-05-05,2026-05-06,SI=F,69.396245,73.009903,76.643286,,TimeCopilot_MedianEnsemble,NEUTRAL,0.3796,0.0,,,,,,,73.009903,69.396245,76.643286,NO_SIGNAL,NO_DATA,POLY_NEUTRAL,0.0,
2026-05-05,2026-05-07,SI=F,68.614713,73.280793,77.817328,,TimeCopilot_MedianEnsemble,NEUTRAL,0.3796,0.0,,,,,,,73.280793,68.614713,77.817328,NO_SIGNAL,NO_DATA,POLY_NEUTRAL,0.0,
2026-05-05,2026-05-08,SI=F,68.009307,73.126017,78.595452,,TimeCopilot_MedianEnsemble,NEUTRAL,0.3796,0.0,,,,,,,73.126017,68.009307,78.595452,NO_SIGNAL,NO_DATA,POLY_NEUTRAL,0.0,
2026-05-05,2026-05-11,SI=F,67.399511,73.349352,79.299193,,TimeCopilot_MedianEnsemble,BULLISH,0.3796,0.0,,,,,,,73.349352,67.399511,79.299193,NO_SIGNAL,NO_DATA,POLY_NEUTRAL,0.0,
2026-05-05,2026-05-12,SI=F,66.475922,72.940746,78.940204,,TimeCopilot_MedianEnsemble,NEUTRAL,0.3796,0.0,,,,,,,72.940746,66.475922,78.940204,NO_SIGNAL,NO_DATA,POLY_NEUTRAL,0.0,
2026-05-05,2026-05-13,SI=F,66.12707,72.783076,78.948008,,TimeCopilot_MedianEnsemble,BEARISH,0.3796,0.0,,,,,,,72.783076,66.12707,78.948008,NO_SIGNAL,NO_DATA,POLY_NEUTRAL,0.0,
2026-05-05,2026-05-14,SI=F,65.657211,72.7554,79.310307,,TimeCopilot_MedianEnsemble,BEARISH,0.3796,0.0,,,,,,,72.7554,65.657211,79.310307,NO_SIGNAL,NO_DATA,POLY_NEUTRAL,0.0,
2026-05-05,2026-05-15,SI=F,65.203557,72.486205,80.351259,,TimeCopilot_MedianEnsemble,BEARISH,0.3796,0.0,,,,,,,72.486205,65.203557,80.351259,NO_SIGNAL,NO_DATA,POLY_NEUTRAL,0.0,
2026-05-05,2026-05-18,SI=F,64.67745,72.863891,80.257547,,TimeCopilot_MedianEnsemble,NEUTRAL,0.3796,0.0,,,,,,,72.863891,64.67745,80.257547,NO_SIGNAL,NO_DATA,POLY_NEUTRAL,0.0,
2026-05-05,2026-05-05,CL=F,101.852174,106.57348,111.163976,,TimeCopilot_MedianEnsemble,NEUTRAL,0.7152,0.0,,,,,,,106.57348,101.852174,111.163976,NO_SIGNAL,NO_DATA,POLY_NEUTRAL,0.0,
2026-05-05,2026-05-06,CL=F,100.098599,106.063823,113.93897,,TimeCopilot_MedianEnsemble,BEARISH,0.7152,0.0,,,,,,,106.063823,100.098599,113.93897,NO_SIGNAL,NO_DATA,POLY_NEUTRAL,0.0,
2026-05-05,2026-05-07,CL=F,97.843658,105.922915,114.601698,,TimeCopilot_MedianEnsemble,BEARISH,0.7152,0.0,,,,,,,105.922915,97.843658,114.601698,NO_SIGNAL,NO_DATA,POLY_NEUTRAL,0.0,
2026-05-05,2026-05-08,CL=F,95.984663,105.889751,115.203381,,TimeCopilot_MedianEnsemble,BEARISH,0.7152,0.0,,,,,,,105.889751,95.984663,115.203381,NO_SIGNAL,NO_DATA,POLY_NEUTRAL,0.0,
2026-05-05,2026-05-11,CL=F,94.844127,105.658885,116.981082,,TimeCopilot_MedianEnsemble,BEARISH,0.7152,0.0,,,,,,,105.658885,94.844127,116.981082,NO_SIGNAL,NO_DATA,POLY_NEUTRAL,0.0,
2026-05-05,2026-05-12,CL=F,92.13398,106.100282,116.539545,,TimeCopilot_MedianEnsemble,BEARISH,0.7152,0.0,,,,,,,106.100282,92.13398,116.539545,NO_SIGNAL,NO_DATA,POLY_NEUTRAL,0.0,
2026-05-05,2026-05-13,CL=F,90.854751,104.63836,116.729628,,TimeCopilot_MedianEnsemble,BEARISH,0.7152,0.0,,,,,,,104.63836,90.854751,116.729628,NO_SIGNAL,NO_DATA,POLY_NEUTRAL,0.0,
2026-05-05,2026-05-14,CL=F,90.349369,105.097255,118.224539,,TimeCopilot_MedianEnsemble,BEARISH,0.7152,0.0,,,,,,,105.097255,90.349369,118.224539,NO_SIGNAL,NO_DATA,POLY_NEUTRAL,0.0,
2026-05-05,2026-05-15,CL=F,91.146867,105.611905,117.134949,,TimeCopilot_MedianEnsemble,BEARISH,0.7152,0.0,,,,,,,105.611905,91.146867,117.134949,NO_SIGNAL,NO_DATA,POLY_NEUTRAL,0.0,
2026-05-05,2026-05-18,CL=F,90.343964,103.312253,116.183695,,TimeCopilot_MedianEnsemble,BEARISH,0.7152,0.0,,,,,,,103.312253,90.343964,116.183695,NO_SIGNAL,NO_DATA,POLY_NEUTRAL,0.0,
2026-05-05,2026-05-05,HG=F,5.66745,5.808636,5.949821,,TimeCopilot_MedianEnsemble,NEUTRAL,0.2218,0.0255,,,,,,,5.808636,5.66745,5.949821,NO_SIGNAL,NO_DATA,POLY_NEUTRAL,0.0,
2026-05-05,2026-05-06,HG=F,5.617706,5.807763,6.009247,,TimeCopilot_MedianEnsemble,NEUTRAL,0.2218,0.0,,,,,,,5.807763,5.617706,6.009247,NO_SIGNAL,NO_DATA,POLY_NEUTRAL,0.0,
2026-05-05,2026-05-07,HG=F,5.578675,5.807862,6.023236,,TimeCopilot_MedianEnsemble,NEUTRAL,0.2218,0.0,,,,,,,5.807862,5.578675,6.023236,NO_SIGNAL,NO_DATA,POLY_NEUTRAL,0.0,
2026-05-05,2026-05-08,HG=F,5.545344,5.807851,6.036892,,TimeCopilot_MedianEnsemble,NEUTRAL,0.2218,0.0,,,,,,,5.807851,5.545344,6.036892,NO_SIGNAL,NO_DATA,POLY_NEUTRAL,0.0,
2026-05-05,2026-05-11,HG=F,5.515793,5.807852,6.085986,,TimeCopilot_MedianEnsemble,NEUTRAL,0.2218,0.0,,,,,,,5.807852,5.515793,6.085986,NO_SIGNAL,NO_DATA,POLY_NEUTRAL,0.0,
2026-05-05,2026-05-12,HG=F,5.488963,5.807852,6.083463,,TimeCopilot_MedianEnsemble,NEUTRAL,0.2218,0.0,,,,,,,5.807852,5.488963,6.083463,NO_SIGNAL,NO_DATA,POLY_NEUTRAL,0.0,
2026-05-05,2026-05-13,HG=F,5.464217,5.807852,6.09219,,TimeCopilot_MedianEnsemble,NEUTRAL,0.2218,0.0,,,,,,,5.807852,5.464217,6.09219,NO_SIGNAL,NO_DATA,POLY_NEUTRAL,0.0,
2026-05-05,2026-05-14,HG=F,5.441134,5.807852,6.138284,,TimeCopilot_MedianEnsemble,NEUTRAL,0.2218,0.0,,,,,,,5.807852,5.441134,6.138284,NO_SIGNAL,NO_DATA,POLY_NEUTRAL,0.0,
2026-05-05,2026-05-15,HG=F,5.419415,5.807852,6.181975,,TimeCopilot_MedianEnsemble,NEUTRAL,0.2218,0.0,,,,,,,5.807852,5.419415,6.181975,NO_SIGNAL,NO_DATA,POLY_NEUTRAL,0.0,
2026-05-05,2026-05-18,HG=F,5.398845,5.807852,6.193276,,TimeCopilot_MedianEnsemble,NEUTRAL,0.2218,0.0,,,,,,,5.807852,5.398845,6.193276,NO_SIGNAL,NO_DATA,POLY_NEUTRAL,0.0,
2026-05-05,2026-05-05,EURUSD=X,1.166643,1.172665,1.179174,,TimeCopilot_MedianEnsemble,NEUTRAL,0.0001,0.7863,,,,,,,1.172665,1.166643,1.179174,NO_SIGNAL,NO_DATA,POLY_NEUTRAL,0.0,
2026-05-05,2026-05-06,EURUSD=X,1.163521,1.172665,1.181808,,TimeCopilot_MedianEnsemble,NEUTRAL,0.0001,0.6881,,,,,,,1.172665,1.163521,1.181808,NO_SIGNAL,NO_DATA,POLY_NEUTRAL,0.0,
2026-05-05,2026-05-07,EURUSD=X,1.162362,1.172865,1.183858,,TimeCopilot_MedianEnsemble,NEUTRAL,0.0001,0.6334,,,,,,,1.172865,1.162362,1.183858,NO_SIGNAL,NO_DATA,POLY_NEUTRAL,0.0,
2026-05-05,2026-05-08,EURUSD=X,1.159942,1.172665,1.185288,,TimeCopilot_MedianEnsemble,NEUTRAL,0.0001,0.5677,,,,,,,1.172665,1.159942,1.185288,NO_SIGNAL,NO_DATA,POLY_NEUTRAL,0.0,
2026-05-05,2026-05-11,EURUSD=X,1.158803,1.172665,1.18714,,TimeCopilot_MedianEnsemble,NEUTRAL,0.0001,0.5167,,,,,,,1.172665,1.158803,1.18714,NO_SIGNAL,NO_DATA,POLY_NEUTRAL,0.0,
2026-05-05,2026-05-12,EURUSD=X,1.156901,1.172665,1.187768,,TimeCopilot_MedianEnsemble,NEUTRAL,0.0001,0.4736,,,,,,,1.172665,1.156901,1.187768,NO_SIGNAL,NO_DATA,POLY_NEUTRAL,0.0,
2026-05-05,2026-05-13,EURUSD=X,1.15681,1.172665,1.189686,,TimeCopilot_MedianEnsemble,NEUTRAL,0.0001,0.4393,,,,,,,1.172665,1.15681,1.189686,NO_SIGNAL,NO_DATA,POLY_NEUTRAL,0.0,
2026-05-05,2026-05-14,EURUSD=X,1.154473,1.172665,1.190857,,TimeCopilot_MedianEnsemble,NEUTRAL,0.0001,0.3795,,,,,,,1.172665,1.154473,1.190857,NO_SIGNAL,NO_DATA,POLY_NEUTRAL,0.0,
2026-05-05,2026-05-15,EURUSD=X,1.153373,1.172322,1.191957,,TimeCopilot_MedianEnsemble,NEUTRAL,0.0001,0.3419,,,,,,,1.172322,1.153373,1.191957,NO_SIGNAL,NO_DATA,POLY_NEUTRAL,0.0,
2026-05-05,2026-05-18,EURUSD=X,1.152332,1.172116,1.192657,,TimeCopilot_MedianEnsemble,NEUTRAL,0.0001,0.3122,,,,,,,1.172116,1.152332,1.192657,NO_SIGNAL,NO_DATA,POLY_NEUTRAL,0.0,
2026-05-05,2026-05-05,GBPUSD=X,1.350165,1.357944,1.367433,,TimeCopilot_MedianEnsemble,NEUTRAL,0.0013,0.7457,,,,,,,1.357944,1.350165,1.367433,NO_SIGNAL,NO_DATA,POLY_NEUTRAL,0.0,
2026-05-05,2026-05-06,GBPUSD=X,1.348073,1.358867,1.36951,,TimeCopilot_MedianEnsemble,NEUTRAL,0.0013,0.6843,,,,,,,1.358867,1.348073,1.36951,NO_SIGNAL,NO_DATA,POLY_NEUTRAL,0.0,
2026-05-05,2026-05-07,GBPUSD=X,1.345815,1.358686,1.371477,,TimeCopilot_MedianEnsemble,NEUTRAL,0.0013,0.6221,,,,,,,1.358686,1.345815,1.371477,NO_SIGNAL,NO_DATA,POLY_NEUTRAL,0.0,
2026-05-05,2026-05-08,GBPUSD=X,1.343474,1.35847,1.373277,,TimeCopilot_MedianEnsemble,NEUTRAL,0.0013,0.5611,,,,,,,1.35847,1.343474,1.373277,NO_SIGNAL,NO_DATA,POLY_NEUTRAL,0.0,
2026-05-05,2026-05-11,GBPUSD=X,1.344446,1.35816,1.374632,,TimeCopilot_MedianEnsemble,NEUTRAL,0.0013,0.5555,,,,,,,1.35816,1.344446,1.374632,NO_SIGNAL,NO_DATA,POLY_NEUTRAL,0.0,
2026-05-05,2026-05-12,GBPUSD=X,1.341446,1.358433,1.377256,,TimeCopilot_MedianEnsemble,NEUTRAL,0.0013,0.4727,,,,,,,1.358433,1.341446,1.377256,NO_SIGNAL,NO_DATA,POLY_NEUTRAL,0.0,
2026-05-05,2026-05-13,GBPUSD=X,1.338491,1.358275,1.378594,,TimeCopilot_MedianEnsemble,NEUTRAL,0.0013,0.4094,,,,,,,1.358275,1.338491,1.378594,NO_SIGNAL,NO_DATA,POLY_NEUTRAL,0.0,
2026-05-05,2026-05-14,GBPUSD=X,1.338737,1.359881,1.378743,,TimeCopilot_MedianEnsemble,NEUTRAL,0.0013,0.4109,,,,,,,1.359881,1.338737,1.378743,NO_SIGNAL,NO_DATA,POLY_NEUTRAL,0.0,
2026-05-05,2026-05-15,GBPUSD=X,1.337966,1.359408,1.380591,,TimeCopilot_MedianEnsemble,NEUTRAL,0.0013,0.3723,,,,,,,1.359408,1.337966,1.380591,NO_SIGNAL,NO_DATA,POLY_NEUTRAL,0.0,
2026-05-05,2026-05-18,GBPUSD=X,1.334908,1.358253,1.382374,,TimeCopilot_MedianEnsemble,NEUTRAL,0.0013,0.301,,,,,,,1.358253,1.334908,1.382374,NO_SIGNAL,NO_DATA,POLY_NEUTRAL,0.0,
2026-05-05,2026-05-05,USDJPY=X,155.796428,156.852321,158.060262,,TimeCopilot_MedianEnsemble,NEUTRAL,0.0016,0.7113,,,,,,,156.852321,155.796428,158.060262,NO_SIGNAL,NO_DATA,POLY_NEUTRAL,0.0,
2026-05-05,2026-05-06,USDJPY=X,155.427874,156.852321,158.811818,,TimeCopilot_MedianEnsemble,NEUTRAL,0.0016,0.5685,,,,,,,156.852321,155.427874,158.811818,NO_SIGNAL,NO_DATA,POLY_NEUTRAL,0.0,
2026-05-05,2026-05-07,USDJPY=X,154.754401,156.852321,159.027039,,TimeCopilot_MedianEnsemble,NEUTRAL,0.0016,0.4552,,,,,,,156.852321,154.754401,159.027039,NO_SIGNAL,NO_DATA,POLY_NEUTRAL,0.0,
2026-05-05,2026-05-08,USDJPY=X,154.644701,156.848595,159.211612,,TimeCopilot_MedianEnsemble,NEUTRAL,0.0016,0.4177,,,,,,,156.848595,154.644701,159.211612,NO_SIGNAL,NO_DATA,POLY_NEUTRAL,0.0,
2026-05-05,2026-05-11,USDJPY=X,154.200434,156.848518,159.477157,,TimeCopilot_MedianEnsemble,NEUTRAL,0.0016,0.3271,,,,,,,156.848518,154.200434,159.477157,NO_SIGNAL,NO_DATA,POLY_NEUTRAL,0.0,
2026-05-05,2026-05-12,USDJPY=X,153.949612,156.852321,159.878083,,TimeCopilot_MedianEnsemble,NEUTRAL,0.0016,0.244,,,,,,,156.852321,153.949612,159.878083,NO_SIGNAL,NO_DATA,POLY_NEUTRAL,0.0,
2026-05-05,2026-05-13,USDJPY=X,153.718805,156.813484,159.725716,,TimeCopilot_MedianEnsemble,NEUTRAL,0.0016,0.234,,,,,,,156.813484,153.718805,159.725716,NO_SIGNAL,NO_DATA,POLY_NEUTRAL,0.0,
2026-05-05,2026-05-14,USDJPY=X,153.709187,156.892764,160.186167,,TimeCopilot_MedianEnsemble,NEUTRAL,0.0016,0.1741,,,,,,,156.892764,153.709187,160.186167,NO_SIGNAL,NO_DATA,POLY_NEUTRAL,0.0,
2026-05-05,2026-05-15,USDJPY=X,153.430569,156.852321,160.340211,,TimeCopilot_MedianEnsemble,NEUTRAL,0.0016,0.1189,,,,,,,156.852321,153.430569,160.340211,NO_SIGNAL,NO_DATA,POLY_NEUTRAL,0.0,
2026-05-05,2026-05-18,USDJPY=X,153.218606,156.852321,160.467137,,TimeCopilot_MedianEnsemble,NEUTRAL,0.0016,0.0757,,,,,,,156.852321,153.218606,160.467137,NO_SIGNAL,NO_DATA,POLY_NEUTRAL,0.0,
2026-05-05,2026-05-05,AUDUSD=X,0.716331,0.721422,0.726512,,TimeCopilot_MedianEnsemble,NEUTRAL,0.0082,0.7177,,,,,,,0.721422,0.716331,0.726512,NO_SIGNAL,NO_DATA,POLY_NEUTRAL,0.0,
2026-05-05,2026-05-06,AUDUSD=X,0.715144,0.721267,0.728119,,TimeCopilot_MedianEnsemble,NEUTRAL,0.0082,0.6402,,,,,,,0.721267,0.715144,0.728119,NO_SIGNAL,NO_DATA,POLY_NEUTRAL,0.0,
2026-05-05,2026-05-07,AUDUSD=X,0.713666,0.721374,0.729719,,TimeCopilot_MedianEnsemble,NEUTRAL,0.0082,0.5549,,,,,,,0.721374,0.713666,0.729719,NO_SIGNAL,NO_DATA,POLY_NEUTRAL,0.0,
2026-05-05,2026-05-08,AUDUSD=X,0.711752,0.721299,0.730847,,TimeCopilot_MedianEnsemble,NEUTRAL,0.0082,0.4705,,,,,,,0.721299,0.711752,0.730847,NO_SIGNAL,NO_DATA,POLY_NEUTRAL,0.0,
2026-05-05,2026-05-11,AUDUSD=X,0.7107,0.721352,0.732003,,TimeCopilot_MedianEnsemble,NEUTRAL,0.0082,0.4093,,,,,,,0.721352,0.7107,0.732003,NO_SIGNAL,NO_DATA,POLY_NEUTRAL,0.0,
2026-05-05,2026-05-12,AUDUSD=X,0.710056,0.721315,0.732944,,TimeCopilot_MedianEnsemble,NEUTRAL,0.0082,0.3654,,,,,,,0.721315,0.710056,0.732944,NO_SIGNAL,NO_DATA,POLY_NEUTRAL,0.0,
2026-05-05,2026-05-13,AUDUSD=X,0.708796,0.721341,0.733885,,TimeCopilot_MedianEnsemble,NEUTRAL,0.0082,0.3043,,,,,,,0.721341,0.708796,0.733885,NO_SIGNAL,NO_DATA,POLY_NEUTRAL,0.0,
2026-05-05,2026-05-14,AUDUSD=X,0.707935,0.721323,0.734711,,TimeCopilot_MedianEnsemble,NEUTRAL,0.0082,0.2576,,,,,,,0.721323,0.707935,0.734711,NO_SIGNAL,NO_DATA,POLY_NEUTRAL,0.0,
2026-05-05,2026-05-15,AUDUSD=X,0.707148,0.721335,0.735523,,TimeCopilot_MedianEnsemble,NEUTRAL,0.0082,0.2132,,,,,,,0.721335,0.707148,0.735523,NO_SIGNAL,NO_DATA,POLY_NEUTRAL,0.0,
2026-05-05,2026-05-18,AUDUSD=X,0.706386,0.721327,0.736267,,TimeCopilot_MedianEnsemble,NEUTRAL,0.0082,0.1715,,,,,,,0.721327,0.706386,0.736267,NO_SIGNAL,NO_DATA,POLY_NEUTRAL,0.0,
2026-05-05,2026-05-05,USDCHF=X,0.77571,0.78113,0.786201,,TimeCopilot_MedianEnsemble,NEUTRAL,0.0,0.7314,,,,,,,0.78113,0.77571,0.786201,NO_SIGNAL,NO_DATA,POLY_NEUTRAL,0.0,
2026-05-05,2026-05-06,USDCHF=X,0.773284,0.781266,0.789419,,TimeCopilot_MedianEnsemble,NEUTRAL,0.0,0.5869,,,,,,,0.781266,0.773284,0.789419,NO_SIGNAL,NO_DATA,POLY_NEUTRAL,0.0,
2026-05-05,2026-05-07,USDCHF=X,0.771742,0.781739,0.791147,,TimeCopilot_MedianEnsemble,NEUTRAL,0.0,0.5032,,,,,,,0.781739,0.771742,0.791147,NO_SIGNAL,NO_DATA,POLY_NEUTRAL,0.0,
2026-05-05,2026-05-08,USDCHF=X,0.770289,0.781742,0.792262,,TimeCopilot_MedianEnsemble,NEUTRAL,0.0,0.4374,,,,,,,0.781742,0.770289,0.792262,NO_SIGNAL,NO_DATA,POLY_NEUTRAL,0.0,
2026-05-05,2026-05-11,USDCHF=X,0.76901,0.78113,0.79325,,TimeCopilot_MedianEnsemble,NEUTRAL,0.0,0.3794,,,,,,,0.78113,0.76901,0.79325,NO_SIGNAL,NO_DATA,POLY_NEUTRAL,0.0,
2026-05-05,2026-05-12,USDCHF=X,0.767853,0.781282,0.794407,,TimeCopilot_MedianEnsemble,NEUTRAL,0.0,0.3201,,,,,,,0.781282,0.767853,0.794407,NO_SIGNAL,NO_DATA,POLY_NEUTRAL,0.0,
2026-05-05,2026-05-13,USDCHF=X,0.767143,0.781282,0.795471,,TimeCopilot_MedianEnsemble,NEUTRAL,0.0,0.2747,,,,,,,0.781282,0.767143,0.795471,NO_SIGNAL,NO_DATA,POLY_NEUTRAL,0.0,
2026-05-05,2026-05-14,USDCHF=X,0.765799,0.78113,0.794462,,TimeCopilot_MedianEnsemble,NEUTRAL,0.0,0.2661,,,,,,,0.78113,0.765799,0.794462,NO_SIGNAL,NO_DATA,POLY_NEUTRAL,0.0,
2026-05-05,2026-05-15,USDCHF=X,0.764869,0.78113,0.795116,,TimeCopilot_MedianEnsemble,NEUTRAL,0.0,0.2256,,,,,,,0.78113,0.764869,0.795116,NO_SIGNAL,NO_DATA,POLY_NEUTRAL,0.0,
2026-05-05,2026-05-18,USDCHF=X,0.765484,0.78113,0.795143,,TimeCopilot_MedianEnsemble,NEUTRAL,0.0,0.2406,,,,,,,0.78113,0.765484,0.795143,NO_SIGNAL,NO_DATA,POLY_NEUTRAL,0.0,
2026-05-05,2026-05-05,DX-Y.NYB,97.930571,98.469988,99.006607,,TimeCopilot_MedianEnsemble,NEUTRAL,0.0,0.7814,,,,,,,98.469988,97.930571,99.006607,NO_SIGNAL,NO_DATA,POLY_NEUTRAL,0.0,
2026-05-05,2026-05-06,DX-Y.NYB,97.707154,98.46142,99.163049,,TimeCopilot_MedianEnsemble,NEUTRAL,0.0,0.7043,,,,,,,98.46142,97.707154,99.163049,NO_SIGNAL,NO_DATA,POLY_NEUTRAL,0.0,
2026-05-05,2026-05-07,DX-Y.NYB,97.506419,98.469988,99.40426,,TimeCopilot_MedianEnsemble,NEUTRAL,0.0,0.6145,,,,,,,98.469988,97.506419,99.40426,NO_SIGNAL,NO_DATA,POLY_NEUTRAL,0.0,
2026-05-05,2026-05-08,DX-Y.NYB,97.413149,98.469988,99.505507,,TimeCopilot_MedianEnsemble,NEUTRAL,0.0,0.575,,,,,,,98.469988,97.413149,99.505507,NO_SIGNAL,NO_DATA,POLY_NEUTRAL,0.0,
2026-05-05,2026-05-11,DX-Y.NYB,97.263851,98.469988,99.676126,,TimeCopilot_MedianEnsemble,NEUTRAL,0.0,0.51,,,,,,,98.469988,97.263851,99.676126,NO_SIGNAL,NO_DATA,POLY_NEUTRAL,0.0,
2026-05-05,2026-05-12,DX-Y.NYB,97.118195,98.469988,99.791246,,TimeCopilot_MedianEnsemble,NEUTRAL,0.0,0.4571,,,,,,,98.469988,97.118195,99.791246,NO_SIGNAL,NO_DATA,POLY_NEUTRAL,0.0,
2026-05-05,2026-05-13,DX-Y.NYB,97.042865,98.469988,99.827572,,TimeCopilot_MedianEnsemble,NEUTRAL,0.0,0.4344,,,,,,,98.469988,97.042865,99.827572,NO_SIGNAL,NO_DATA,POLY_NEUTRAL,0.0,
2026-05-05,2026-05-14,DX-Y.NYB,96.944327,98.469988,99.942744,,TimeCopilot_MedianEnsemble,NEUTRAL,0.0,0.391,,,,,,,98.469988,96.944327,99.942744,NO_SIGNAL,NO_DATA,POLY_NEUTRAL,0.0,
2026-05-05,2026-05-15,DX-Y.NYB,96.851778,98.520638,100.075784,,TimeCopilot_MedianEnsemble,NEUTRAL,0.0,0.3452,,,,,,,98.520638,96.851778,100.075784,NO_SIGNAL,NO_DATA,POLY_NEUTRAL,0.0,
2026-05-05,2026-05-18,DX-Y.NYB,96.742361,98.469988,100.175735,,TimeCopilot_MedianEnsemble,NEUTRAL,0.0,0.3027,,,,,,,98.469988,96.742361,100.175735,NO_SIGNAL,NO_DATA,POLY_NEUTRAL,0.0,
2026-05-05,2026-05-05,^TNX,4.380406,4.445997,4.510056,,TimeCopilot_MedianEnsemble,NEUTRAL,0.0001,0.4168,,,,,,,4.445997,4.380406,4.510056,NO_SIGNAL,NO_DATA,POLY_NEUTRAL,0.0,
2026-05-05,2026-05-06,^TNX,4.353238,4.445997,4.537298,,TimeCopilot_MedianEnsemble,NEUTRAL,0.0001,0.172,,,,,,,4.445997,4.353238,4.537298,NO_SIGNAL,NO_DATA,POLY_NEUTRAL,0.0,
2026-05-05,2026-05-07,^TNX,4.325068,4.445997,4.553919,,TimeCopilot_MedianEnsemble,NEUTRAL,0.0001,0.0,,,,,,,4.445997,4.325068,4.553919,NO_SIGNAL,NO_DATA,POLY_NEUTRAL,0.0,
2026-05-05,2026-05-08,^TNX,4.311451,4.445997,4.57718,,TimeCopilot_MedianEnsemble,NEUTRAL,0.0001,0.0,,,,,,,4.445997,4.311451,4.57718,NO_SIGNAL,NO_DATA,POLY_NEUTRAL,0.0,
2026-05-05,2026-05-11,^TNX,4.311681,4.445997,4.592667,,TimeCopilot_MedianEnsemble,NEUTRAL,0.0001,0.0,,,,,,,4.445997,4.311681,4.592667,NO_SIGNAL,NO_DATA,POLY_NEUTRAL,0.0,
2026-05-05,2026-05-12,^TNX,4.285325,4.445997,4.606668,,TimeCopilot_MedianEnsemble,NEUTRAL,0.0001,0.0,,,,,,,4.445997,4.285325,4.606668,NO_SIGNAL,NO_DATA,POLY_NEUTRAL,0.0,
2026-05-05,2026-05-13,^TNX,4.272449,4.445997,4.594287,,TimeCopilot_MedianEnsemble,NEUTRAL,0.0001,0.0,,,,,,,4.445997,4.272449,4.594287,NO_SIGNAL,NO_DATA,POLY_NEUTRAL,0.0,
2026-05-05,2026-05-14,^TNX,4.263674,4.445997,4.608959,,TimeCopilot_MedianEnsemble,NEUTRAL,0.0001,0.0,,,,,,,4.445997,4.263674,4.608959,NO_SIGNAL,NO_DATA,POLY_NEUTRAL,0.0,
2026-05-05,2026-05-15,^TNX,4.254168,4.446974,4.642788,,TimeCopilot_MedianEnsemble,NEUTRAL,0.0001,0.0,,,,,,,4.446974,4.254168,4.642788,NO_SIGNAL,NO_DATA,POLY_NEUTRAL,0.0,
2026-05-05,2026-05-18,^TNX,4.247873,4.445997,4.621576,,TimeCopilot_MedianEnsemble,NEUTRAL,0.0001,0.0,,,,,,,4.445997,4.247873,4.621576,NO_SIGNAL,NO_DATA,POLY_NEUTRAL,0.0,
2026-05-05,2026-05-05,^GSPC,7140.363206,7208.446956,7269.288622,,TimeCopilot_MedianEnsemble,NEUTRAL,0.2832,0.6419,,,,,,,7208.446956,7140.363206,7269.288622,NO_SIGNAL,NO_DATA,POLY_NEUTRAL,0.0,
2026-05-05,2026-05-06,^GSPC,7105.221132,7205.206214,7309.81942,,TimeCopilot_MedianEnsemble,NEUTRAL,0.2832,0.4317,,,,,,,7205.206214,7105.221132,7309.81942,NO_SIGNAL,NO_DATA,POLY_NEUTRAL,0.0,
2026-05-05,2026-05-07,^GSPC,7102.652716,7213.537156,7323.98238,,TimeCopilot_MedianEnsemble,NEUTRAL,0.2832,0.3853,,,,,,,7213.537156,7102.652716,7323.98238,NO_SIGNAL,NO_DATA,POLY_NEUTRAL,0.0,
2026-05-05,2026-05-08,^GSPC,7084.247765,7219.940655,7356.279464,,TimeCopilot_MedianEnsemble,NEUTRAL,0.2832,0.2444,,,,,,,7219.940655,7084.247765,7356.279464,NO_SIGNAL,NO_DATA,POLY_NEUTRAL,0.0,
2026-05-05,2026-05-11,^GSPC,7085.334901,7221.142738,7357.93585,,TimeCopilot_MedianEnsemble,NEUTRAL,0.2832,0.2429,,,,,,,7221.142738,7085.334901,7357.93585,NO_SIGNAL,NO_DATA,POLY_NEUTRAL,0.0,
2026-05-05,2026-05-12,^GSPC,7046.082615,7222.11191,7371.351722,,TimeCopilot_MedianEnsemble,NEUTRAL,0.2832,0.0966,,,,,,,7222.11191,7046.082615,7371.351722,NO_SIGNAL,NO_DATA,POLY_NEUTRAL,0.0,
2026-05-05,2026-05-13,^GSPC,7029.012121,7232.798856,7409.197763,,TimeCopilot_MedianEnsemble,BULLISH,0.2832,0.0,,,,,,,7232.798856,7029.012121,7409.197763,NO_SIGNAL,NO_DATA,POLY_NEUTRAL,0.0,
2026-05-05,2026-05-14,^GSPC,7046.679306,7241.201134,7412.178264,,TimeCopilot_MedianEnsemble,BULLISH,0.2832,0.0,,,,,,,7241.201134,7046.679306,7412.178264,NO_SIGNAL,NO_DATA,POLY_NEUTRAL,0.0,
2026-05-05,2026-05-15,^GSPC,7028.61437,7234.880512,7433.598877,,TimeCopilot_MedianEnsemble,BULLISH,0.2832,0.0,,,,,,,7234.880512,7028.61437,7433.598877,NO_SIGNAL,NO_DATA,POLY_NEUTRAL,0.0,
2026-05-05,2026-05-18,^GSPC,6993.035532,7218.056885,7433.822552,,TimeCopilot_MedianEnsemble,NEUTRAL,0.2832,0.0,,,,,,,7218.056885,6993.035532,7433.822552,NO_SIGNAL,NO_DATA,POLY_NEUTRAL,0.0,
